-- phpMyAdmin SQL Dump
-- version 4.1.14
-- http://www.phpmyadmin.net
--
-- Host: 127.0.0.1
-- Generation Time: Jul 12, 2015 at 04:31 PM
-- Server version: 5.6.17
-- PHP Version: 5.5.12

SET SQL_MODE = "NO_AUTO_VALUE_ON_ZERO";
SET time_zone = "+00:00";


/*!40101 SET @OLD_CHARACTER_SET_CLIENT=@@CHARACTER_SET_CLIENT */;
/*!40101 SET @OLD_CHARACTER_SET_RESULTS=@@CHARACTER_SET_RESULTS */;
/*!40101 SET @OLD_COLLATION_CONNECTION=@@COLLATION_CONNECTION */;
/*!40101 SET NAMES utf8 */;

--
-- Database: `gasstation`
--
CREATE DATABASE IF NOT EXISTS `gasstation` DEFAULT CHARACTER SET latin1 COLLATE latin1_swedish_ci;
USE `gasstation`;

DELIMITER $$
--
-- Procedures
--
DROP PROCEDURE IF EXISTS `add_cleanservice_transaction`$$
CREATE DEFINER=`root`@`localhost` PROCEDURE `add_cleanservice_transaction`(IN `team_number_in` INT(2), IN `profit` DOUBLE(5,2))
    NO SQL
begin 
declare id_to_insert int(11); 
	select max(cs_transaction_id) into id_to_insert 
    from cleanservice_transaction;

insert into cleanservice_transaction
values (team_number_in,profit,curdate(),sysdate(),id_to_insert+1);

end$$

DROP PROCEDURE IF EXISTS `add_fuel_transaction`$$
CREATE DEFINER=`root`@`localhost` PROCEDURE `add_fuel_transaction`(IN `pump_number_in` INT(2), IN `profit` DOUBLE(5,2))
    NO SQL
begin 
declare id_to_insert int(11); 
	select max(pump_transaction_id) into id_to_insert 
    from fuel_transaction;

insert into fuel_transaction
values (pump_number_in,profit,curdate(),sysdate(),id_to_insert+1);

end$$

DELIMITER ;

-- --------------------------------------------------------

--
-- Table structure for table `cleanservice`
--

DROP TABLE IF EXISTS `cleanservice`;
CREATE TABLE IF NOT EXISTS `cleanservice` (
  `Team_Number` int(2) NOT NULL,
  PRIMARY KEY (`Team_Number`)
) ENGINE=InnoDB DEFAULT CHARSET=latin1;

--
-- Dumping data for table `cleanservice`
--

INSERT INTO `cleanservice` (`Team_Number`) VALUES
(1),
(2),
(3);

-- --------------------------------------------------------

--
-- Table structure for table `cleanservice_transaction`
--

DROP TABLE IF EXISTS `cleanservice_transaction`;
CREATE TABLE IF NOT EXISTS `cleanservice_transaction` (
  `Team_Number` int(2) NOT NULL,
  `CleanService_Profit` double(5,2) NOT NULL,
  `Date_Cleaned` date NOT NULL,
  `Time_Cleaned` time NOT NULL,
  `CS_TRANSACTION_ID` int(11) NOT NULL AUTO_INCREMENT,
  PRIMARY KEY (`CS_TRANSACTION_ID`),
  KEY `ct_team_num_fk` (`Team_Number`)
) ENGINE=InnoDB  DEFAULT CHARSET=latin1 AUTO_INCREMENT=10000199 ;

--
-- Dumping data for table `cleanservice_transaction`
--

INSERT INTO `cleanservice_transaction` (`Team_Number`, `CleanService_Profit`, `Date_Cleaned`, `Time_Cleaned`, `CS_TRANSACTION_ID`) VALUES
(2, 40.00, '2015-07-11', '03:00:44', 10000000),
(1, 40.00, '2015-07-11', '03:00:46', 10000001),
(1, 40.00, '2015-07-11', '03:00:50', 10000002),
(2, 40.00, '2015-07-11', '03:00:50', 10000003),
(1, 40.00, '2015-07-11', '03:00:54', 10000004),
(1, 40.00, '2015-07-11', '03:00:55', 10000005),
(1, 40.00, '2015-07-11', '03:01:05', 10000006),
(1, 40.00, '2015-07-11', '03:03:46', 10000007),
(1, 40.00, '2015-07-11', '03:03:53', 10000008),
(3, 40.00, '2015-07-11', '03:03:57', 10000009),
(1, 40.00, '2015-07-11', '03:04:01', 10000010),
(2, 40.00, '2015-07-11', '03:04:01', 10000011),
(3, 40.00, '2015-07-11', '03:04:01', 10000012),
(1, 40.00, '2015-07-11', '03:04:13', 10000013),
(1, 40.00, '2015-07-11', '03:07:18', 10000014),
(1, 40.00, '2015-07-11', '03:07:24', 10000015),
(2, 40.00, '2015-07-11', '03:07:31', 10000016),
(1, 40.00, '2015-07-11', '03:07:32', 10000017),
(3, 40.00, '2015-07-11', '03:07:33', 10000018),
(1, 40.00, '2015-07-11', '03:07:36', 10000019),
(1, 40.00, '2015-07-11', '03:32:23', 10000020),
(1, 40.00, '2015-07-11', '03:32:27', 10000021),
(2, 40.00, '2015-07-11', '03:32:27', 10000022),
(1, 40.00, '2015-07-11', '03:32:29', 10000023),
(2, 40.00, '2015-07-11', '03:32:37', 10000024),
(1, 40.00, '2015-07-11', '03:32:39', 10000025),
(3, 40.00, '2015-07-11', '03:32:40', 10000026),
(1, 40.00, '2015-07-11', '03:42:12', 10000027),
(2, 40.00, '2015-07-11', '03:42:21', 10000028),
(1, 40.00, '2015-07-11', '03:42:23', 10000029),
(3, 40.00, '2015-07-11', '03:42:25', 10000030),
(1, 40.00, '2015-07-11', '03:42:26', 10000031),
(2, 40.00, '2015-07-11', '03:42:32', 10000032),
(1, 40.00, '2015-07-11', '03:42:32', 10000033),
(3, 40.00, '2015-07-12', '13:42:30', 10000034),
(1, 40.00, '2015-07-12', '13:42:34', 10000035),
(2, 40.00, '2015-07-12', '13:42:35', 10000036),
(3, 40.00, '2015-07-12', '13:42:39', 10000037),
(2, 40.00, '2015-07-12', '13:42:40', 10000038),
(1, 40.00, '2015-07-12', '13:42:45', 10000039),
(2, 40.00, '2015-07-12', '13:42:46', 10000040),
(1, 40.00, '2015-07-12', '13:55:24', 10000041),
(2, 40.00, '2015-07-12', '13:55:29', 10000042),
(3, 40.00, '2015-07-12', '13:55:30', 10000043),
(1, 40.00, '2015-07-12', '13:55:32', 10000044),
(2, 40.00, '2015-07-12', '13:55:36', 10000045),
(2, 40.00, '2015-07-12', '13:55:37', 10000046),
(1, 40.00, '2015-07-12', '13:55:39', 10000047),
(1, 40.00, '2015-07-12', '13:57:52', 10000048),
(1, 40.00, '2015-07-12', '13:57:56', 10000049),
(2, 40.00, '2015-07-12', '13:58:00', 10000050),
(1, 40.00, '2015-07-12', '13:58:02', 10000051),
(3, 40.00, '2015-07-12', '13:58:09', 10000052),
(1, 40.00, '2015-07-12', '14:06:17', 10000053),
(1, 40.00, '2015-07-12', '14:06:23', 10000054),
(1, 40.00, '2015-07-12', '14:06:26', 10000055),
(1, 40.00, '2015-07-12', '14:06:28', 10000056),
(1, 40.00, '2015-07-12', '14:09:13', 10000057),
(1, 40.00, '2015-07-12', '14:09:16', 10000058),
(1, 40.00, '2015-07-12', '14:09:19', 10000059),
(2, 40.00, '2015-07-12', '14:09:21', 10000060),
(1, 40.00, '2015-07-12', '14:09:26', 10000061),
(2, 40.00, '2015-07-12', '14:09:32', 10000062),
(1, 40.00, '2015-07-12', '14:09:34', 10000063),
(1, 40.00, '2015-07-12', '14:11:07', 10000064),
(2, 40.00, '2015-07-12', '14:11:11', 10000065),
(1, 40.00, '2015-07-12', '14:11:12', 10000066),
(2, 40.00, '2015-07-12', '14:11:17', 10000067),
(1, 40.00, '2015-07-12', '14:11:20', 10000068),
(2, 40.00, '2015-07-12', '14:11:22', 10000069),
(1, 40.00, '2015-07-12', '14:11:24', 10000070),
(1, 40.00, '2015-07-12', '14:13:21', 10000071),
(2, 40.00, '2015-07-12', '14:13:23', 10000072),
(1, 40.00, '2015-07-12', '14:18:29', 10000073),
(2, 40.00, '2015-07-12', '14:18:29', 10000074),
(1, 40.00, '2015-07-12', '14:18:31', 10000075),
(3, 40.00, '2015-07-12', '14:18:35', 10000076),
(1, 40.00, '2015-07-12', '14:18:37', 10000077),
(2, 40.00, '2015-07-12', '14:26:44', 10000078),
(1, 40.00, '2015-07-12', '14:26:44', 10000079),
(1, 40.00, '2015-07-12', '14:26:52', 10000080),
(3, 40.00, '2015-07-12', '14:26:53', 10000081),
(1, 40.00, '2015-07-12', '14:26:58', 10000082),
(2, 40.00, '2015-07-12', '14:26:58', 10000083),
(3, 40.00, '2015-07-12', '14:27:06', 10000084),
(1, 40.00, '2015-07-12', '14:31:41', 10000085),
(3, 40.00, '2015-07-12', '14:31:44', 10000086),
(2, 40.00, '2015-07-12', '14:31:47', 10000087),
(1, 40.00, '2015-07-12', '14:31:47', 10000088),
(3, 40.00, '2015-07-12', '14:31:55', 10000089),
(2, 40.00, '2015-07-12', '14:31:56', 10000090),
(1, 40.00, '2015-07-12', '14:31:56', 10000091),
(1, 40.00, '2015-07-12', '15:07:31', 10000092),
(2, 40.00, '2015-07-12', '15:07:34', 10000093),
(2, 40.00, '2015-07-12', '15:07:39', 10000094),
(1, 40.00, '2015-07-12', '15:07:39', 10000095),
(2, 40.00, '2015-07-12', '15:07:48', 10000096),
(1, 40.00, '2015-07-12', '15:07:49', 10000097),
(3, 40.00, '2015-07-12', '15:07:55', 10000098),
(1, 40.00, '2015-07-12', '15:37:09', 10000099),
(2, 40.00, '2015-07-12', '15:37:10', 10000100),
(3, 40.00, '2015-07-12', '15:37:12', 10000101),
(1, 40.00, '2015-07-12', '15:37:19', 10000102),
(3, 40.00, '2015-07-12', '15:37:21', 10000103),
(2, 40.00, '2015-07-12', '15:37:25', 10000104),
(1, 40.00, '2015-07-12', '15:37:25', 10000105),
(1, 40.00, '2015-07-12', '15:42:52', 10000106),
(2, 40.00, '2015-07-12', '15:42:58', 10000107),
(2, 40.00, '2015-07-12', '15:43:01', 10000108),
(1, 40.00, '2015-07-12', '15:43:02', 10000109),
(2, 40.00, '2015-07-12', '15:43:05', 10000110),
(1, 40.00, '2015-07-12', '15:43:09', 10000111),
(2, 40.00, '2015-07-12', '15:43:13', 10000112),
(2, 40.00, '2015-07-12', '15:47:22', 10000113),
(1, 40.00, '2015-07-12', '15:47:22', 10000114),
(1, 40.00, '2015-07-12', '15:47:30', 10000115),
(2, 40.00, '2015-07-12', '15:47:31', 10000116),
(1, 40.00, '2015-07-12', '15:47:33', 10000117),
(2, 40.00, '2015-07-12', '15:47:41', 10000118),
(1, 40.00, '2015-07-12', '15:47:46', 10000119),
(1, 40.00, '2015-07-12', '15:54:04', 10000120),
(1, 40.00, '2015-07-12', '15:54:12', 10000121),
(1, 40.00, '2015-07-12', '15:54:15', 10000122),
(2, 40.00, '2015-07-12', '15:54:17', 10000123),
(1, 40.00, '2015-07-12', '15:54:21', 10000124),
(2, 40.00, '2015-07-12', '15:54:22', 10000125),
(1, 40.00, '2015-07-12', '15:54:26', 10000126),
(2, 40.00, '2015-07-12', '16:01:36', 10000127),
(1, 40.00, '2015-07-12', '16:05:02', 10000128),
(2, 40.00, '2015-07-12', '16:05:06', 10000129),
(1, 40.00, '2015-07-12', '16:05:12', 10000130),
(2, 40.00, '2015-07-12', '16:05:14', 10000131),
(3, 40.00, '2015-07-12', '16:05:16', 10000132),
(1, 40.00, '2015-07-12', '16:05:19', 10000133),
(2, 40.00, '2015-07-12', '16:05:23', 10000134),
(2, 40.00, '2015-07-12', '16:46:36', 10000135),
(1, 40.00, '2015-07-12', '16:46:39', 10000136),
(1, 40.00, '2015-07-12', '16:46:43', 10000137),
(2, 40.00, '2015-07-12', '16:46:47', 10000138),
(3, 40.00, '2015-07-12', '16:46:50', 10000139),
(1, 40.00, '2015-07-12', '16:46:55', 10000140),
(2, 40.00, '2015-07-12', '16:46:56', 10000141),
(1, 40.00, '2015-07-12', '16:53:26', 10000142),
(2, 40.00, '2015-07-12', '16:53:27', 10000143),
(3, 40.00, '2015-07-12', '16:53:27', 10000144),
(2, 40.00, '2015-07-12', '16:53:35', 10000145),
(1, 40.00, '2015-07-12', '16:53:35', 10000146),
(3, 40.00, '2015-07-12', '16:53:39', 10000147),
(1, 40.00, '2015-07-12', '16:53:46', 10000148),
(1, 40.00, '2015-07-12', '16:56:00', 10000149),
(1, 40.00, '2015-07-12', '16:56:03', 10000150),
(1, 40.00, '2015-07-12', '16:56:10', 10000151),
(1, 40.00, '2015-07-12', '16:56:11', 10000152),
(1, 40.00, '2015-07-12', '16:56:14', 10000153),
(2, 40.00, '2015-07-12', '16:56:15', 10000154),
(1, 40.00, '2015-07-12', '16:56:25', 10000155),
(2, 40.00, '2015-07-12', '17:01:58', 10000156),
(1, 40.00, '2015-07-12', '17:02:00', 10000157),
(3, 40.00, '2015-07-12', '17:02:03', 10000158),
(2, 40.00, '2015-07-12', '17:02:07', 10000159),
(1, 40.00, '2015-07-12', '17:02:08', 10000160),
(3, 40.00, '2015-07-12', '17:02:16', 10000161),
(1, 40.00, '2015-07-12', '17:02:18', 10000162),
(1, 40.00, '2015-07-12', '17:09:01', 10000163),
(1, 40.00, '2015-07-12', '17:09:08', 10000164),
(2, 40.00, '2015-07-12', '17:09:10', 10000165),
(1, 40.00, '2015-07-12', '17:09:13', 10000166),
(2, 40.00, '2015-07-12', '17:09:18', 10000167),
(1, 40.00, '2015-07-12', '17:09:22', 10000168),
(2, 40.00, '2015-07-12', '17:09:23', 10000169),
(1, 40.00, '2015-07-12', '17:11:04', 10000170),
(1, 40.00, '2015-07-12', '17:11:11', 10000171),
(2, 40.00, '2015-07-12', '17:11:12', 10000172),
(1, 40.00, '2015-07-12', '17:11:15', 10000173),
(3, 40.00, '2015-07-12', '17:11:18', 10000174),
(2, 40.00, '2015-07-12', '17:13:17', 10000175),
(1, 40.00, '2015-07-12', '17:13:21', 10000176),
(3, 40.00, '2015-07-12', '17:13:23', 10000177),
(2, 40.00, '2015-07-12', '17:13:27', 10000178),
(1, 40.00, '2015-07-12', '17:13:29', 10000179),
(3, 40.00, '2015-07-12', '17:13:33', 10000180),
(1, 40.00, '2015-07-12', '17:13:37', 10000181),
(1, 40.00, '2015-07-12', '17:18:15', 10000182),
(1, 40.00, '2015-07-12', '17:18:26', 10000183),
(1, 40.00, '2015-07-12', '17:18:28', 10000184),
(2, 40.00, '2015-07-12', '17:18:28', 10000185),
(3, 40.00, '2015-07-12', '17:18:29', 10000186),
(1, 40.00, '2015-07-12', '17:18:34', 10000187),
(2, 40.00, '2015-07-12', '17:18:34', 10000188),
(2, 40.00, '2015-07-12', '17:18:41', 10000189),
(1, 40.00, '2015-07-12', '17:18:41', 10000190),
(1, 40.00, '2015-07-12', '17:22:10', 10000191),
(2, 40.00, '2015-07-12', '17:22:10', 10000192),
(1, 40.00, '2015-07-12', '17:22:13', 10000193),
(1, 40.00, '2015-07-12', '17:22:25', 10000194),
(2, 40.00, '2015-07-12', '17:22:29', 10000195),
(1, 40.00, '2015-07-12', '17:22:29', 10000196),
(3, 40.00, '2015-07-12', '17:22:31', 10000197),
(3, 40.00, '2015-07-12', '17:22:36', 10000198);

-- --------------------------------------------------------

--
-- Table structure for table `fuel_transaction`
--

DROP TABLE IF EXISTS `fuel_transaction`;
CREATE TABLE IF NOT EXISTS `fuel_transaction` (
  `Pump_Number` int(2) NOT NULL,
  `Pump_Profit` double(5,2) NOT NULL,
  `Date_Fueled` date NOT NULL,
  `Time_Fueled` time NOT NULL,
  `PUMP_TRANSACTION_ID` int(11) NOT NULL AUTO_INCREMENT,
  PRIMARY KEY (`PUMP_TRANSACTION_ID`),
  KEY `ft_pump_num_fk` (`Pump_Number`)
) ENGINE=InnoDB  DEFAULT CHARSET=latin1 AUTO_INCREMENT=10000245 ;

--
-- Dumping data for table `fuel_transaction`
--

INSERT INTO `fuel_transaction` (`Pump_Number`, `Pump_Profit`, `Date_Fueled`, `Time_Fueled`, `PUMP_TRANSACTION_ID`) VALUES
(1, 265.88, '2015-07-11', '03:00:40', 10000000),
(2, 258.06, '2015-07-11', '03:00:40', 10000001),
(3, 297.16, '2015-07-11', '03:00:41', 10000002),
(1, 86.02, '2015-07-11', '03:00:47', 10000003),
(3, 273.70, '2015-07-11', '03:00:47', 10000004),
(2, 195.50, '2015-07-11', '03:01:00', 10000005),
(1, 281.52, '2015-07-11', '03:01:01', 10000006),
(2, 226.78, '2015-07-11', '03:01:03', 10000007),
(2, 258.06, '2015-07-11', '03:03:46', 10000008),
(1, 265.88, '2015-07-11', '03:03:46', 10000009),
(3, 297.16, '2015-07-11', '03:03:46', 10000010),
(1, 86.02, '2015-07-11', '03:03:48', 10000011),
(2, 195.50, '2015-07-11', '03:03:48', 10000012),
(2, 226.78, '2015-07-11', '03:03:51', 10000013),
(3, 273.70, '2015-07-11', '03:04:06', 10000014),
(1, 281.52, '2015-07-11', '03:04:06', 10000015),
(4, 234.60, '2015-07-11', '03:07:18', 10000016),
(3, 273.70, '2015-07-11', '03:07:18', 10000017),
(1, 265.88, '2015-07-11', '03:07:18', 10000018),
(2, 258.06, '2015-07-11', '03:07:18', 10000019),
(3, 297.16, '2015-07-11', '03:07:22', 10000020),
(2, 226.78, '2015-07-11', '03:07:29', 10000021),
(1, 281.52, '2015-07-11', '03:07:35', 10000022),
(2, 195.50, '2015-07-11', '03:07:35', 10000023),
(2, 195.50, '2015-07-11', '03:32:18', 10000024),
(3, 273.70, '2015-07-11', '03:32:20', 10000025),
(1, 265.88, '2015-07-11', '03:32:20', 10000026),
(2, 258.06, '2015-07-11', '03:32:22', 10000027),
(1, 281.52, '2015-07-11', '03:32:23', 10000028),
(3, 297.16, '2015-07-11', '03:32:24', 10000029),
(3, 156.40, '2015-07-11', '03:32:33', 10000030),
(2, 226.78, '2015-07-11', '03:32:34', 10000031),
(2, 226.78, '2015-07-11', '03:42:11', 10000032),
(1, 265.88, '2015-07-11', '03:42:12', 10000033),
(3, 297.16, '2015-07-11', '03:42:12', 10000034),
(2, 258.06, '2015-07-11', '03:42:14', 10000035),
(2, 195.50, '2015-07-11', '03:42:25', 10000036),
(1, 281.52, '2015-07-11', '03:42:25', 10000037),
(1, 86.02, '2015-07-11', '03:42:31', 10000038),
(3, 273.70, '2015-07-11', '03:42:34', 10000039),
(1, 265.88, '2015-07-12', '13:24:06', 10000040),
(2, 258.06, '2015-07-12', '13:24:07', 10000041),
(1, 265.88, '2015-07-12', '13:42:27', 10000042),
(2, 258.06, '2015-07-12', '13:42:27', 10000043),
(2, 195.50, '2015-07-12', '13:42:27', 10000044),
(1, 281.52, '2015-07-12', '13:42:34', 10000045),
(2, 226.78, '2015-07-12', '13:42:37', 10000046),
(1, 86.02, '2015-07-12', '13:42:48', 10000047),
(3, 297.16, '2015-07-12', '13:42:51', 10000048),
(3, 273.70, '2015-07-12', '13:42:54', 10000049),
(1, 86.02, '2015-07-12', '13:55:17', 10000050),
(2, 258.06, '2015-07-12', '13:55:19', 10000051),
(3, 297.16, '2015-07-12', '13:55:19', 10000052),
(1, 281.52, '2015-07-12', '13:55:20', 10000053),
(2, 195.50, '2015-07-12', '13:55:21', 10000054),
(3, 273.70, '2015-07-12', '13:55:23', 10000055),
(1, 265.88, '2015-07-12', '13:55:23', 10000056),
(2, 226.78, '2015-07-12', '13:55:24', 10000057),
(2, 258.06, '2015-07-12', '13:57:52', 10000058),
(1, 265.88, '2015-07-12', '13:57:52', 10000059),
(1, 86.02, '2015-07-12', '13:57:53', 10000060),
(3, 273.70, '2015-07-12', '13:58:00', 10000061),
(2, 195.50, '2015-07-12', '13:58:03', 10000062),
(3, 297.16, '2015-07-12', '13:58:06', 10000063),
(2, 258.06, '2015-07-12', '14:06:17', 10000064),
(3, 297.16, '2015-07-12', '14:06:17', 10000065),
(1, 265.88, '2015-07-12', '14:06:17', 10000066),
(1, 86.02, '2015-07-12', '14:06:17', 10000067),
(3, 273.70, '2015-07-12', '14:06:18', 10000068),
(1, 281.52, '2015-07-12', '14:06:19', 10000069),
(2, 226.78, '2015-07-12', '14:06:19', 10000070),
(1, 281.52, '2015-07-12', '14:09:13', 10000071),
(1, 265.88, '2015-07-12', '14:09:13', 10000072),
(2, 258.06, '2015-07-12', '14:09:13', 10000073),
(3, 273.70, '2015-07-12', '14:09:13', 10000074),
(1, 86.02, '2015-07-12', '14:09:14', 10000075),
(2, 195.50, '2015-07-12', '14:09:19', 10000076),
(2, 226.78, '2015-07-12', '14:09:25', 10000077),
(3, 297.16, '2015-07-12', '14:09:29', 10000078),
(1, 86.02, '2015-07-12', '14:11:06', 10000079),
(2, 226.78, '2015-07-12', '14:11:07', 10000080),
(1, 265.88, '2015-07-12', '14:11:07', 10000081),
(3, 273.70, '2015-07-12', '14:11:07', 10000082),
(2, 195.50, '2015-07-12', '14:11:07', 10000083),
(3, 297.16, '2015-07-12', '14:11:07', 10000084),
(2, 258.06, '2015-07-12', '14:11:08', 10000085),
(1, 281.52, '2015-07-12', '14:11:23', 10000086),
(1, 86.02, '2015-07-12', '14:13:18', 10000087),
(2, 258.06, '2015-07-12', '14:13:19', 10000088),
(1, 265.88, '2015-07-12', '14:13:19', 10000089),
(3, 297.16, '2015-07-12', '14:13:19', 10000090),
(3, 273.70, '2015-07-12', '14:13:22', 10000091),
(1, 281.52, '2015-07-12', '14:13:22', 10000092),
(1, 86.02, '2015-07-12', '14:18:23', 10000093),
(1, 281.52, '2015-07-12', '14:18:24', 10000094),
(3, 297.16, '2015-07-12', '14:18:24', 10000095),
(2, 258.06, '2015-07-12', '14:18:24', 10000096),
(3, 273.70, '2015-07-12', '14:18:26', 10000097),
(1, 265.88, '2015-07-12', '14:18:26', 10000098),
(1, 265.88, '2015-07-12', '14:26:41', 10000099),
(3, 297.16, '2015-07-12', '14:26:41', 10000100),
(2, 258.06, '2015-07-12', '14:26:41', 10000101),
(2, 226.78, '2015-07-12', '14:26:41', 10000102),
(2, 195.50, '2015-07-12', '14:26:43', 10000103),
(3, 273.70, '2015-07-12', '14:26:59', 10000104),
(1, 281.52, '2015-07-12', '14:26:59', 10000105),
(1, 86.02, '2015-07-12', '14:27:00', 10000106),
(2, 258.06, '2015-07-12', '14:31:35', 10000107),
(1, 265.88, '2015-07-12', '14:31:36', 10000108),
(3, 297.16, '2015-07-12', '14:31:36', 10000109),
(1, 86.02, '2015-07-12', '14:31:37', 10000110),
(1, 281.52, '2015-07-12', '14:31:41', 10000111),
(2, 195.50, '2015-07-12', '14:31:49', 10000112),
(3, 273.70, '2015-07-12', '14:31:50', 10000113),
(2, 226.78, '2015-07-12', '14:31:52', 10000114),
(1, 86.02, '2015-07-12', '15:07:25', 10000115),
(2, 226.78, '2015-07-12', '15:07:28', 10000116),
(1, 265.88, '2015-07-12', '15:07:29', 10000117),
(3, 297.16, '2015-07-12', '15:07:29', 10000118),
(2, 195.50, '2015-07-12', '15:07:30', 10000119),
(3, 273.70, '2015-07-12', '15:07:32', 10000120),
(1, 281.52, '2015-07-12', '15:07:32', 10000121),
(2, 258.06, '2015-07-12', '15:07:33', 10000122),
(2, 195.50, '2015-07-12', '15:37:07', 10000123),
(2, 258.06, '2015-07-12', '15:37:08', 10000124),
(3, 297.16, '2015-07-12', '15:37:08', 10000125),
(1, 265.88, '2015-07-12', '15:37:08', 10000126),
(1, 281.52, '2015-07-12', '15:37:13', 10000127),
(3, 273.70, '2015-07-12', '15:37:15', 10000128),
(2, 226.78, '2015-07-12', '15:37:15', 10000129),
(1, 86.02, '2015-07-12', '15:37:26', 10000130),
(2, 226.78, '2015-07-12', '15:42:52', 10000131),
(2, 258.06, '2015-07-12', '15:42:53', 10000132),
(1, 265.88, '2015-07-12', '15:42:53', 10000133),
(3, 273.70, '2015-07-12', '15:42:57', 10000134),
(2, 195.50, '2015-07-12', '15:43:03', 10000135),
(1, 86.02, '2015-07-12', '15:43:06', 10000136),
(3, 297.16, '2015-07-12', '15:43:09', 10000137),
(1, 281.52, '2015-07-12', '15:43:13', 10000138),
(2, 226.78, '2015-07-12', '15:47:22', 10000139),
(3, 297.16, '2015-07-12', '15:47:22', 10000140),
(2, 258.06, '2015-07-12', '15:47:23', 10000141),
(3, 273.70, '2015-07-12', '15:47:24', 10000142),
(1, 265.88, '2015-07-12', '15:47:25', 10000143),
(2, 195.50, '2015-07-12', '15:47:25', 10000144),
(1, 281.52, '2015-07-12', '15:47:31', 10000145),
(1, 86.02, '2015-07-12', '15:47:32', 10000146),
(2, 226.78, '2015-07-12', '15:54:04', 10000147),
(3, 273.70, '2015-07-12', '15:54:05', 10000148),
(1, 281.52, '2015-07-12', '15:54:05', 10000149),
(2, 258.06, '2015-07-12', '15:54:08', 10000150),
(1, 265.88, '2015-07-12', '15:54:10', 10000151),
(2, 195.50, '2015-07-12', '15:54:10', 10000152),
(1, 86.02, '2015-07-12', '15:54:14', 10000153),
(3, 297.16, '2015-07-12', '15:54:17', 10000154),
(4, 86.02, '2015-07-12', '16:01:30', 10000155),
(2, 195.50, '2015-07-12', '16:01:31', 10000156),
(1, 265.88, '2015-07-12', '16:01:32', 10000157),
(3, 273.70, '2015-07-12', '16:01:32', 10000158),
(2, 258.06, '2015-07-12', '16:01:34', 10000159),
(1, 281.52, '2015-07-12', '16:01:35', 10000160),
(3, 297.16, '2015-07-12', '16:01:36', 10000161),
(1, 265.88, '2015-07-12', '16:05:01', 10000162),
(2, 258.06, '2015-07-12', '16:05:01', 10000163),
(1, 265.88, '2015-07-12', '16:05:04', 10000164),
(3, 273.70, '2015-07-12', '16:05:05', 10000165),
(1, 281.52, '2015-07-12', '16:05:10', 10000166),
(2, 195.50, '2015-07-12', '16:05:17', 10000167),
(3, 297.16, '2015-07-12', '16:05:19', 10000168),
(2, 226.78, '2015-07-12', '16:05:20', 10000169),
(2, 258.06, '2015-07-12', '16:46:32', 10000170),
(1, 265.88, '2015-07-12', '16:46:32', 10000171),
(2, 195.50, '2015-07-12', '16:46:34', 10000172),
(2, 226.78, '2015-07-12', '16:46:39', 10000173),
(2, 187.68, '2015-07-12', '16:46:46', 10000174),
(1, 281.52, '2015-07-12', '16:46:51', 10000175),
(3, 297.16, '2015-07-12', '16:46:54', 10000176),
(3, 273.70, '2015-07-12', '16:47:07', 10000177),
(2, 195.50, '2015-07-12', '16:53:19', 10000178),
(1, 265.88, '2015-07-12', '16:53:20', 10000179),
(1, 86.02, '2015-07-12', '16:53:21', 10000180),
(2, 226.78, '2015-07-12', '16:53:22', 10000181),
(2, 258.06, '2015-07-12', '16:53:25', 10000182),
(1, 281.52, '2015-07-12', '16:53:30', 10000183),
(3, 297.16, '2015-07-12', '16:53:30', 10000184),
(3, 273.70, '2015-07-12', '16:53:46', 10000185),
(1, 86.02, '2015-07-12', '16:55:57', 10000186),
(2, 226.78, '2015-07-12', '16:55:58', 10000187),
(3, 273.70, '2015-07-12', '16:55:59', 10000188),
(1, 265.88, '2015-07-12', '16:56:00', 10000189),
(2, 258.06, '2015-07-12', '16:56:02', 10000190),
(3, 297.16, '2015-07-12', '16:56:03', 10000191),
(1, 281.52, '2015-07-12', '16:56:04', 10000192),
(2, 195.50, '2015-07-12', '16:56:15', 10000193),
(2, 195.50, '2015-07-12', '17:01:52', 10000194),
(1, 265.88, '2015-07-12', '17:01:52', 10000195),
(3, 297.16, '2015-07-12', '17:01:53', 10000196),
(2, 258.06, '2015-07-12', '17:01:55', 10000197),
(1, 281.52, '2015-07-12', '17:01:56', 10000198),
(2, 226.78, '2015-07-12', '17:01:58', 10000199),
(3, 273.70, '2015-07-12', '17:02:06', 10000200),
(1, 328.44, '2015-07-12', '17:02:06', 10000201),
(1, 86.02, '2015-07-12', '17:08:58', 10000202),
(2, 226.78, '2015-07-12', '17:08:59', 10000203),
(3, 297.16, '2015-07-12', '17:09:00', 10000204),
(1, 265.88, '2015-07-12', '17:09:01', 10000205),
(2, 195.50, '2015-07-12', '17:09:02', 10000206),
(3, 273.70, '2015-07-12', '17:09:04', 10000207),
(2, 258.06, '2015-07-12', '17:09:05', 10000208),
(1, 281.52, '2015-07-12', '17:09:14', 10000209),
(1, 86.02, '2015-07-12', '17:10:58', 10000210),
(2, 226.78, '2015-07-12', '17:11:00', 10000211),
(3, 273.70, '2015-07-12', '17:11:01', 10000212),
(1, 265.88, '2015-07-12', '17:11:01', 10000213),
(2, 258.06, '2015-07-12', '17:11:03', 10000214),
(3, 297.16, '2015-07-12', '17:11:05', 10000215),
(1, 281.52, '2015-07-12', '17:11:14', 10000216),
(2, 195.50, '2015-07-12', '17:11:15', 10000217),
(2, 226.78, '2015-07-12', '17:13:10', 10000218),
(1, 281.52, '2015-07-12', '17:13:11', 10000219),
(3, 273.70, '2015-07-12', '17:13:11', 10000220),
(2, 258.06, '2015-07-12', '17:13:14', 10000221),
(1, 265.88, '2015-07-12', '17:13:15', 10000222),
(1, 86.02, '2015-07-12', '17:13:25', 10000223),
(2, 195.50, '2015-07-12', '17:13:26', 10000224),
(3, 297.16, '2015-07-12', '17:13:31', 10000225),
(2, 195.50, '2015-07-12', '17:18:15', 10000226),
(3, 250.24, '2015-07-12', '17:18:16', 10000227),
(1, 265.88, '2015-07-12', '17:18:16', 10000228),
(2, 226.78, '2015-07-12', '17:18:18', 10000229),
(1, 281.52, '2015-07-12', '17:18:19', 10000230),
(4, 250.24, '2015-07-12', '17:18:20', 10000231),
(2, 258.06, '2015-07-12', '17:18:21', 10000232),
(3, 297.16, '2015-07-12', '17:18:30', 10000233),
(3, 273.70, '2015-07-12', '17:18:34', 10000234),
(3, 250.24, '2015-07-12', '17:18:37', 10000235),
(1, 265.88, '2015-07-12', '17:22:10', 10000236),
(1, 132.94, '2015-07-12', '17:22:10', 10000237),
(2, 258.06, '2015-07-12', '17:22:10', 10000238),
(3, 273.70, '2015-07-12', '17:22:10', 10000239),
(2, 195.50, '2015-07-12', '17:22:13', 10000240),
(2, 226.78, '2015-07-12', '17:22:16', 10000241),
(3, 297.16, '2015-07-12', '17:22:31', 10000242),
(1, 281.52, '2015-07-12', '17:22:33', 10000243),
(1, 125.12, '2015-07-12', '17:22:34', 10000244);

-- --------------------------------------------------------

--
-- Table structure for table `pump`
--

DROP TABLE IF EXISTS `pump`;
CREATE TABLE IF NOT EXISTS `pump` (
  `Pump_Number` int(2) NOT NULL,
  PRIMARY KEY (`Pump_Number`)
) ENGINE=InnoDB DEFAULT CHARSET=latin1;

--
-- Dumping data for table `pump`
--

INSERT INTO `pump` (`Pump_Number`) VALUES
(1),
(2),
(3),
(4);

--
-- Constraints for dumped tables
--

--
-- Constraints for table `cleanservice_transaction`
--
ALTER TABLE `cleanservice_transaction`
  ADD CONSTRAINT `ct_team_num_fk` FOREIGN KEY (`Team_Number`) REFERENCES `cleanservice` (`Team_Number`);

--
-- Constraints for table `fuel_transaction`
--
ALTER TABLE `fuel_transaction`
  ADD CONSTRAINT `ft_pump_num_fk` FOREIGN KEY (`Pump_Number`) REFERENCES `pump` (`Pump_Number`);

/*!40101 SET CHARACTER_SET_CLIENT=@OLD_CHARACTER_SET_CLIENT */;
/*!40101 SET CHARACTER_SET_RESULTS=@OLD_CHARACTER_SET_RESULTS */;
/*!40101 SET COLLATION_CONNECTION=@OLD_COLLATION_CONNECTION */;
