--------------------------------------------------------
--  File created - Sunday-October-18-2015   
--------------------------------------------------------
--------------------------------------------------------
--  DDL for Sequence SEQ_INVH_INV_ID
--------------------------------------------------------

   CREATE SEQUENCE  "SEQ_INVH_INV_ID"  MINVALUE 55000 MAXVALUE 9999999999999999999999999999 INCREMENT BY 1 START WITH 55540 CACHE 20 NOORDER  NOCYCLE ;
--------------------------------------------------------
--  DDL for Sequence SEQ_ITEM_ITEM_ID
--------------------------------------------------------

   CREATE SEQUENCE  "SEQ_ITEM_ITEM_ID"  MINVALUE 3331 MAXVALUE 9999999999999999999999999999 INCREMENT BY 1 START WITH 3491 CACHE 20 NOORDER  NOCYCLE ;
--------------------------------------------------------
--  DDL for Sequence SEQ_ORDERHEADER_ORDER_ID
--------------------------------------------------------

   CREATE SEQUENCE  "SEQ_ORDERHEADER_ORDER_ID"  MINVALUE 99991 MAXVALUE 9999999999999999999999999999 INCREMENT BY 1 START WITH 100711 CACHE 20 NOORDER  NOCYCLE ;
--------------------------------------------------------
--  DDL for Sequence SEQ_SH_STOREHOUSE_ID
--------------------------------------------------------

   CREATE SEQUENCE  "SEQ_SH_STOREHOUSE_ID"  MINVALUE 10 MAXVALUE 9999999999999999999999999999 INCREMENT BY 1 START WITH 150 CACHE 20 NOORDER  NOCYCLE ;
--------------------------------------------------------
--  DDL for Sequence SEQ_TRANSACTION_ID
--------------------------------------------------------

   CREATE SEQUENCE  "SEQ_TRANSACTION_ID"  MINVALUE 88880 MAXVALUE 9999999999999999999999999999 INCREMENT BY 1 START WITH 89940 CACHE 20 NOORDER  NOCYCLE ;
--------------------------------------------------------
--  DDL for Table CANCELLED_INVOICE_HEADER
--------------------------------------------------------

  CREATE TABLE "CANCELLED_INVOICE_HEADER" 
   (	"INVOICE_ID" NUMBER(9,0), 
	"ORDER_ID" NUMBER(9,0), 
	"ORDER_DATE" DATE DEFAULT sysdate, 
	"CUSTOMER_ID" NUMBER(9,0)
   ) ;
--------------------------------------------------------
--  DDL for Table CANCELLED_INVOICE_LINE
--------------------------------------------------------

  CREATE TABLE "CANCELLED_INVOICE_LINE" 
   (	"INVOICE_ID" NUMBER(9,0), 
	"LINE_NUMBER" NUMBER(3,0), 
	"ITEM_ID" NUMBER(9,0), 
	"AMOUNT" NUMBER(5,0), 
	"PRICE" NUMBER
   ) ;
--------------------------------------------------------
--  DDL for Table CUSTOMER
--------------------------------------------------------

  CREATE TABLE "CUSTOMER" 
   (	"CUSTOMER_ID" NUMBER(9,0), 
	"FIRST_NAME" VARCHAR2(20), 
	"LAST_NAME" VARCHAR2(25)
   ) ;
--------------------------------------------------------
--  DDL for Table INVOICE_HEADER
--------------------------------------------------------

  CREATE TABLE "INVOICE_HEADER" 
   (	"INVOICE_ID" NUMBER(9,0), 
	"ORDER_ID" NUMBER(9,0), 
	"ORDER_DATE" DATE DEFAULT sysdate, 
	"CUSTOMER_ID" NUMBER(9,0)
   ) ;
--------------------------------------------------------
--  DDL for Table INVOICE_LINE
--------------------------------------------------------

  CREATE TABLE "INVOICE_LINE" 
   (	"INVOICE_ID" NUMBER(9,0), 
	"LINE_NUMBER" NUMBER(3,0), 
	"ITEM_ID" NUMBER(9,0), 
	"AMOUNT" NUMBER(5,0), 
	"PRICE" NUMBER
   ) ;
--------------------------------------------------------
--  DDL for Table ITEM
--------------------------------------------------------

  CREATE TABLE "ITEM" 
   (	"ITEM_ID" NUMBER(9,0), 
	"DESCRIPTION" VARCHAR2(40), 
	"PRICE" NUMBER
   ) ;
--------------------------------------------------------
--  DDL for Table LACKING_ITEMS
--------------------------------------------------------

  CREATE TABLE "LACKING_ITEMS" 
   (	"ITEM_ID" NUMBER(9,0), 
	"STOREHOUSE_ID" NUMBER(9,0), 
	"LACKING_AMOUNT" NUMBER(5,0)
   ) ;
--------------------------------------------------------
--  DDL for Table ORDER_HEADER
--------------------------------------------------------

  CREATE TABLE "ORDER_HEADER" 
   (	"ORDER_ID" NUMBER(9,0), 
	"ORDER_DATE" DATE DEFAULT sysdate, 
	"CUSTOMER_ID" NUMBER(9,0), 
	"STATUS" VARCHAR2(6) DEFAULT 'open'
   ) ;
--------------------------------------------------------
--  DDL for Table ORDER_LINE
--------------------------------------------------------

  CREATE TABLE "ORDER_LINE" 
   (	"ORDER_ID" NUMBER(9,0), 
	"LINE_NUMBER" NUMBER(3,0), 
	"ITEM_ID" NUMBER(9,0), 
	"AMOUNT" NUMBER(5,0)
   ) ;
--------------------------------------------------------
--  DDL for Table STOCK_BALANCE
--------------------------------------------------------

  CREATE TABLE "STOCK_BALANCE" 
   (	"ITEM_ID" NUMBER(9,0), 
	"STOREHOUSE_ID" NUMBER(9,0), 
	"STOCK_BALANCE_AMOUNT" NUMBER(5,0)
   ) ;
--------------------------------------------------------
--  DDL for Table STOREHOUSE
--------------------------------------------------------

  CREATE TABLE "STOREHOUSE" 
   (	"STOREHOUSE_ID" NUMBER(9,0), 
	"STOREHOUSE_NAME" VARCHAR2(20)
   ) ;
--------------------------------------------------------
--  DDL for Table TRANSACTION
--------------------------------------------------------

  CREATE TABLE "TRANSACTION" 
   (	"TRANSACTION_ID" NUMBER(9,0), 
	"TRANSACTION_DATE" DATE DEFAULT sysdate, 
	"ITEM_ID" NUMBER(9,0), 
	"STOREHOUSE_ID" NUMBER(9,0), 
	"TRANSACTION_AMOUNT" NUMBER(5,0), 
	"TRANSACTION_TYPE" VARCHAR2(6) DEFAULT 'debit', 
	"CUSTOMER_ID" NUMBER(9,0)
   ) ;
--------------------------------------------------------
--  DDL for Table TRANSACTION_STOREHOUSE
--------------------------------------------------------

  CREATE TABLE "TRANSACTION_STOREHOUSE" 
   (	"TRANSACTION_ID" NUMBER(9,0), 
	"STOREHOUSE_ID" NUMBER(9,0)
   ) ;
--------------------------------------------------------
--  DDL for Table TRANSAC_HIST_TBL
--------------------------------------------------------

  CREATE TABLE "TRANSAC_HIST_TBL" 
   (	"TRANSACTION_ID" NUMBER(9,0), 
	"TRANSACTION_DATE" DATE, 
	"CUSTOMER_ID" NUMBER(9,0), 
	"ITEM_ID" NUMBER(9,0), 
	"TRANSACTION_AMOUNT" NUMBER(5,0), 
	"TRANSACTION_TYPE" VARCHAR2(6) DEFAULT 'debit'
   ) ;

---------------------------------------------------
--   DATA FOR TABLE CANCELLED_INVOICE_HEADER
--   FILTER = none used
---------------------------------------------------
REM INSERTING into CANCELLED_INVOICE_HEADER
Insert into CANCELLED_INVOICE_HEADER (INVOICE_ID,ORDER_ID,ORDER_DATE,CUSTOMER_ID) values (55505,100661,to_timestamp('07/05/15 02.40.52.000000000 PM','DD/MM/RR HH.MI.SS.FF AM'),1113);
Insert into CANCELLED_INVOICE_HEADER (INVOICE_ID,ORDER_ID,ORDER_DATE,CUSTOMER_ID) values (55507,100669,to_timestamp('07/05/15 02.51.20.000000000 PM','DD/MM/RR HH.MI.SS.FF AM'),1115);
Insert into CANCELLED_INVOICE_HEADER (INVOICE_ID,ORDER_ID,ORDER_DATE,CUSTOMER_ID) values (55504,100657,to_timestamp('07/05/15 02.20.57.000000000 PM','DD/MM/RR HH.MI.SS.FF AM'),1113);
Insert into CANCELLED_INVOICE_HEADER (INVOICE_ID,ORDER_ID,ORDER_DATE,CUSTOMER_ID) values (55503,100658,to_timestamp('07/05/15 02.21.27.000000000 PM','DD/MM/RR HH.MI.SS.FF AM'),1117);
Insert into CANCELLED_INVOICE_HEADER (INVOICE_ID,ORDER_ID,ORDER_DATE,CUSTOMER_ID) values (55508,100668,to_timestamp('07/05/15 02.54.36.000000000 PM','DD/MM/RR HH.MI.SS.FF AM'),1113);
Insert into CANCELLED_INVOICE_HEADER (INVOICE_ID,ORDER_ID,ORDER_DATE,CUSTOMER_ID) values (55506,100666,to_timestamp('07/05/15 03.07.38.000000000 PM','DD/MM/RR HH.MI.SS.FF AM'),1115);
Insert into CANCELLED_INVOICE_HEADER (INVOICE_ID,ORDER_ID,ORDER_DATE,CUSTOMER_ID) values (55502,100654,to_timestamp('07/05/15 02.00.48.000000000 PM','DD/MM/RR HH.MI.SS.FF AM'),1113);

---------------------------------------------------
--   END DATA FOR TABLE CANCELLED_INVOICE_HEADER
---------------------------------------------------


---------------------------------------------------
--   DATA FOR TABLE CANCELLED_INVOICE_LINE
--   FILTER = none used
---------------------------------------------------
REM INSERTING into CANCELLED_INVOICE_LINE
Insert into CANCELLED_INVOICE_LINE (INVOICE_ID,LINE_NUMBER,ITEM_ID,AMOUNT,PRICE) values (55503,2,3337,13,130);
Insert into CANCELLED_INVOICE_LINE (INVOICE_ID,LINE_NUMBER,ITEM_ID,AMOUNT,PRICE) values (55503,3,3331,2,80);
Insert into CANCELLED_INVOICE_LINE (INVOICE_ID,LINE_NUMBER,ITEM_ID,AMOUNT,PRICE) values (55505,1,3332,2,100);
Insert into CANCELLED_INVOICE_LINE (INVOICE_ID,LINE_NUMBER,ITEM_ID,AMOUNT,PRICE) values (55505,2,3336,5,100);
Insert into CANCELLED_INVOICE_LINE (INVOICE_ID,LINE_NUMBER,ITEM_ID,AMOUNT,PRICE) values (55505,3,3402,6,738);
Insert into CANCELLED_INVOICE_LINE (INVOICE_ID,LINE_NUMBER,ITEM_ID,AMOUNT,PRICE) values (55504,1,3331,4,160);
Insert into CANCELLED_INVOICE_LINE (INVOICE_ID,LINE_NUMBER,ITEM_ID,AMOUNT,PRICE) values (55504,2,3335,6,600);
Insert into CANCELLED_INVOICE_LINE (INVOICE_ID,LINE_NUMBER,ITEM_ID,AMOUNT,PRICE) values (55504,3,3338,8,240);
Insert into CANCELLED_INVOICE_LINE (INVOICE_ID,LINE_NUMBER,ITEM_ID,AMOUNT,PRICE) values (55503,1,3336,55,1100);
Insert into CANCELLED_INVOICE_LINE (INVOICE_ID,LINE_NUMBER,ITEM_ID,AMOUNT,PRICE) values (55507,1,3335,2,200);
Insert into CANCELLED_INVOICE_LINE (INVOICE_ID,LINE_NUMBER,ITEM_ID,AMOUNT,PRICE) values (55507,2,3336,4,80);
Insert into CANCELLED_INVOICE_LINE (INVOICE_ID,LINE_NUMBER,ITEM_ID,AMOUNT,PRICE) values (55507,3,3402,6,738);
Insert into CANCELLED_INVOICE_LINE (INVOICE_ID,LINE_NUMBER,ITEM_ID,AMOUNT,PRICE) values (55508,1,3331,2,80);
Insert into CANCELLED_INVOICE_LINE (INVOICE_ID,LINE_NUMBER,ITEM_ID,AMOUNT,PRICE) values (55508,2,3336,5,100);
Insert into CANCELLED_INVOICE_LINE (INVOICE_ID,LINE_NUMBER,ITEM_ID,AMOUNT,PRICE) values (55508,3,3338,77,2310);
Insert into CANCELLED_INVOICE_LINE (INVOICE_ID,LINE_NUMBER,ITEM_ID,AMOUNT,PRICE) values (55506,1,3331,2,80);
Insert into CANCELLED_INVOICE_LINE (INVOICE_ID,LINE_NUMBER,ITEM_ID,AMOUNT,PRICE) values (55506,2,3334,4,600);
Insert into CANCELLED_INVOICE_LINE (INVOICE_ID,LINE_NUMBER,ITEM_ID,AMOUNT,PRICE) values (55506,3,3338,5,150);
Insert into CANCELLED_INVOICE_LINE (INVOICE_ID,LINE_NUMBER,ITEM_ID,AMOUNT,PRICE) values (55506,4,3335,22,2200);
Insert into CANCELLED_INVOICE_LINE (INVOICE_ID,LINE_NUMBER,ITEM_ID,AMOUNT,PRICE) values (55502,2,3338,2,60);

---------------------------------------------------
--   END DATA FOR TABLE CANCELLED_INVOICE_LINE
---------------------------------------------------


---------------------------------------------------
--   DATA FOR TABLE CUSTOMER
--   FILTER = none used
---------------------------------------------------
REM INSERTING into CUSTOMER
Insert into CUSTOMER (CUSTOMER_ID,FIRST_NAME,LAST_NAME) values (1113,'Ronnie','Osullivan');
Insert into CUSTOMER (CUSTOMER_ID,FIRST_NAME,LAST_NAME) values (1111,'Roman','Sosnin');
Insert into CUSTOMER (CUSTOMER_ID,FIRST_NAME,LAST_NAME) values (1112,'Adam','Gavriely');
Insert into CUSTOMER (CUSTOMER_ID,FIRST_NAME,LAST_NAME) values (1117,'Judd','Trump');
Insert into CUSTOMER (CUSTOMER_ID,FIRST_NAME,LAST_NAME) values (12345,'Stuart','Bingham');
Insert into CUSTOMER (CUSTOMER_ID,FIRST_NAME,LAST_NAME) values (1114,'John','Higgins');
Insert into CUSTOMER (CUSTOMER_ID,FIRST_NAME,LAST_NAME) values (1115,'Freddie','Mercury');
Insert into CUSTOMER (CUSTOMER_ID,FIRST_NAME,LAST_NAME) values (232323,'ttt','yyy');
Insert into CUSTOMER (CUSTOMER_ID,FIRST_NAME,LAST_NAME) values (1116,'Alice','Johnson');
Insert into CUSTOMER (CUSTOMER_ID,FIRST_NAME,LAST_NAME) values (1118,'Vicky','Cohen');
Insert into CUSTOMER (CUSTOMER_ID,FIRST_NAME,LAST_NAME) values (1119,'Ken','Doherty');
Insert into CUSTOMER (CUSTOMER_ID,FIRST_NAME,LAST_NAME) values (1120,'Mark','Selby');

---------------------------------------------------
--   END DATA FOR TABLE CUSTOMER
---------------------------------------------------


---------------------------------------------------
--   DATA FOR TABLE INVOICE_HEADER
--   FILTER = none used
---------------------------------------------------
REM INSERTING into INVOICE_HEADER
Insert into INVOICE_HEADER (INVOICE_ID,ORDER_ID,ORDER_DATE,CUSTOMER_ID) values (55510,100671,to_timestamp('07/05/15 03.12.29.000000000 PM','DD/MM/RR HH.MI.SS.FF AM'),12345);
Insert into INVOICE_HEADER (INVOICE_ID,ORDER_ID,ORDER_DATE,CUSTOMER_ID) values (55509,100667,to_timestamp('07/05/15 02.48.41.000000000 PM','DD/MM/RR HH.MI.SS.FF AM'),1113);
Insert into INVOICE_HEADER (INVOICE_ID,ORDER_ID,ORDER_DATE,CUSTOMER_ID) values (55511,100676,to_timestamp('07/05/15 03.24.55.000000000 PM','DD/MM/RR HH.MI.SS.FF AM'),1113);
Insert into INVOICE_HEADER (INVOICE_ID,ORDER_ID,ORDER_DATE,CUSTOMER_ID) values (55520,100691,to_timestamp('07/05/15 06.24.22.000000000 PM','DD/MM/RR HH.MI.SS.FF AM'),1117);

---------------------------------------------------
--   END DATA FOR TABLE INVOICE_HEADER
---------------------------------------------------


---------------------------------------------------
--   DATA FOR TABLE INVOICE_LINE
--   FILTER = none used
---------------------------------------------------
REM INSERTING into INVOICE_LINE
Insert into INVOICE_LINE (INVOICE_ID,LINE_NUMBER,ITEM_ID,AMOUNT,PRICE) values (55509,2,3338,88,2640);
Insert into INVOICE_LINE (INVOICE_ID,LINE_NUMBER,ITEM_ID,AMOUNT,PRICE) values (55510,1,3337,390,3900);
Insert into INVOICE_LINE (INVOICE_ID,LINE_NUMBER,ITEM_ID,AMOUNT,PRICE) values (55510,2,3340,2661,26610);
Insert into INVOICE_LINE (INVOICE_ID,LINE_NUMBER,ITEM_ID,AMOUNT,PRICE) values (55511,1,3332,3,150);
Insert into INVOICE_LINE (INVOICE_ID,LINE_NUMBER,ITEM_ID,AMOUNT,PRICE) values (55511,2,3334,5,750);
Insert into INVOICE_LINE (INVOICE_ID,LINE_NUMBER,ITEM_ID,AMOUNT,PRICE) values (55511,3,3339,6,660);
Insert into INVOICE_LINE (INVOICE_ID,LINE_NUMBER,ITEM_ID,AMOUNT,PRICE) values (55509,1,3333,66,5940);
Insert into INVOICE_LINE (INVOICE_ID,LINE_NUMBER,ITEM_ID,AMOUNT,PRICE) values (55520,1,3334,5,750);
Insert into INVOICE_LINE (INVOICE_ID,LINE_NUMBER,ITEM_ID,AMOUNT,PRICE) values (55520,2,3451,12,48);
Insert into INVOICE_LINE (INVOICE_ID,LINE_NUMBER,ITEM_ID,AMOUNT,PRICE) values (55520,3,3339,80,8800);

---------------------------------------------------
--   END DATA FOR TABLE INVOICE_LINE
---------------------------------------------------


---------------------------------------------------
--   DATA FOR TABLE ITEM
--   FILTER = none used
---------------------------------------------------
REM INSERTING into ITEM
Insert into ITEM (ITEM_ID,DESCRIPTION,PRICE) values (3331,'Ball',40);
Insert into ITEM (ITEM_ID,DESCRIPTION,PRICE) values (3332,'Computer',50);
Insert into ITEM (ITEM_ID,DESCRIPTION,PRICE) values (3333,'VideoGame',90);
Insert into ITEM (ITEM_ID,DESCRIPTION,PRICE) values (3334,'Drink',150);
Insert into ITEM (ITEM_ID,DESCRIPTION,PRICE) values (3335,'Calculator',100);
Insert into ITEM (ITEM_ID,DESCRIPTION,PRICE) values (3451,'Sugar',4);
Insert into ITEM (ITEM_ID,DESCRIPTION,PRICE) values (3336,'Mouse',20);
Insert into ITEM (ITEM_ID,DESCRIPTION,PRICE) values (3472,'itm',10);
Insert into ITEM (ITEM_ID,DESCRIPTION,PRICE) values (3337,'Nestea',10);
Insert into ITEM (ITEM_ID,DESCRIPTION,PRICE) values (3338,'Keyboard',30);
Insert into ITEM (ITEM_ID,DESCRIPTION,PRICE) values (3339,'Firework',110);
Insert into ITEM (ITEM_ID,DESCRIPTION,PRICE) values (3340,'Fanta',10);
Insert into ITEM (ITEM_ID,DESCRIPTION,PRICE) values (3471,'MyItem5555',50);
Insert into ITEM (ITEM_ID,DESCRIPTION,PRICE) values (3402,'tytytyty_item',123);
Insert into ITEM (ITEM_ID,DESCRIPTION,PRICE) values (3399,'myItem',23);

---------------------------------------------------
--   END DATA FOR TABLE ITEM
---------------------------------------------------


---------------------------------------------------
--   DATA FOR TABLE LACKING_ITEMS
--   FILTER = none used
---------------------------------------------------
REM INSERTING into LACKING_ITEMS
Insert into LACKING_ITEMS (ITEM_ID,STOREHOUSE_ID,LACKING_AMOUNT) values (3337,11,4);
Insert into LACKING_ITEMS (ITEM_ID,STOREHOUSE_ID,LACKING_AMOUNT) values (3340,10,10);
Insert into LACKING_ITEMS (ITEM_ID,STOREHOUSE_ID,LACKING_AMOUNT) values (3340,11,10);
Insert into LACKING_ITEMS (ITEM_ID,STOREHOUSE_ID,LACKING_AMOUNT) values (3340,12,10);
Insert into LACKING_ITEMS (ITEM_ID,STOREHOUSE_ID,LACKING_AMOUNT) values (3340,30,8);
Insert into LACKING_ITEMS (ITEM_ID,STOREHOUSE_ID,LACKING_AMOUNT) values (3334,11,10);
Insert into LACKING_ITEMS (ITEM_ID,STOREHOUSE_ID,LACKING_AMOUNT) values (3339,31,8);

---------------------------------------------------
--   END DATA FOR TABLE LACKING_ITEMS
---------------------------------------------------


---------------------------------------------------
--   DATA FOR TABLE ORDER_HEADER
--   FILTER = none used
---------------------------------------------------
REM INSERTING into ORDER_HEADER
Insert into ORDER_HEADER (ORDER_ID,ORDER_DATE,CUSTOMER_ID,STATUS) values (100612,to_timestamp('20/04/15 11.38.53.000000000 PM','DD/MM/RR HH.MI.SS.FF AM'),1113,'closed');
Insert into ORDER_HEADER (ORDER_ID,ORDER_DATE,CUSTOMER_ID,STATUS) values (100657,to_timestamp('07/05/15 02.05.06.000000000 PM','DD/MM/RR HH.MI.SS.FF AM'),1113,'closed');
Insert into ORDER_HEADER (ORDER_ID,ORDER_DATE,CUSTOMER_ID,STATUS) values (100658,to_timestamp('07/05/15 02.05.20.000000000 PM','DD/MM/RR HH.MI.SS.FF AM'),1117,'closed');
Insert into ORDER_HEADER (ORDER_ID,ORDER_DATE,CUSTOMER_ID,STATUS) values (100665,to_timestamp('07/05/15 02.39.04.000000000 PM','DD/MM/RR HH.MI.SS.FF AM'),1115,'open');
Insert into ORDER_HEADER (ORDER_ID,ORDER_DATE,CUSTOMER_ID,STATUS) values (100666,to_timestamp('07/05/15 02.39.17.000000000 PM','DD/MM/RR HH.MI.SS.FF AM'),1115,'closed');
Insert into ORDER_HEADER (ORDER_ID,ORDER_DATE,CUSTOMER_ID,STATUS) values (100661,to_timestamp('07/05/15 02.35.18.000000000 PM','DD/MM/RR HH.MI.SS.FF AM'),1113,'closed');
Insert into ORDER_HEADER (ORDER_ID,ORDER_DATE,CUSTOMER_ID,STATUS) values (100667,to_timestamp('07/05/15 02.48.41.000000000 PM','DD/MM/RR HH.MI.SS.FF AM'),1113,'closed');
Insert into ORDER_HEADER (ORDER_ID,ORDER_DATE,CUSTOMER_ID,STATUS) values (100671,to_timestamp('07/05/15 03.12.29.000000000 PM','DD/MM/RR HH.MI.SS.FF AM'),12345,'closed');
Insert into ORDER_HEADER (ORDER_ID,ORDER_DATE,CUSTOMER_ID,STATUS) values (100676,to_timestamp('07/05/15 03.24.55.000000000 PM','DD/MM/RR HH.MI.SS.FF AM'),1113,'closed');
Insert into ORDER_HEADER (ORDER_ID,ORDER_DATE,CUSTOMER_ID,STATUS) values (100677,to_timestamp('07/05/15 03.28.17.000000000 PM','DD/MM/RR HH.MI.SS.FF AM'),12345,'open');
Insert into ORDER_HEADER (ORDER_ID,ORDER_DATE,CUSTOMER_ID,STATUS) values (100678,to_timestamp('07/05/15 03.28.29.000000000 PM','DD/MM/RR HH.MI.SS.FF AM'),12345,'open');
Insert into ORDER_HEADER (ORDER_ID,ORDER_DATE,CUSTOMER_ID,STATUS) values (100679,to_timestamp('07/05/15 03.28.38.000000000 PM','DD/MM/RR HH.MI.SS.FF AM'),1113,'open');
Insert into ORDER_HEADER (ORDER_ID,ORDER_DATE,CUSTOMER_ID,STATUS) values (100614,to_timestamp('20/04/14 12.00.00.000000000 AM','DD/MM/RR HH.MI.SS.FF AM'),1112,'closed');
Insert into ORDER_HEADER (ORDER_ID,ORDER_DATE,CUSTOMER_ID,STATUS) values (100615,to_timestamp('20/04/13 12.00.00.000000000 AM','DD/MM/RR HH.MI.SS.FF AM'),232323,'closed');
Insert into ORDER_HEADER (ORDER_ID,ORDER_DATE,CUSTOMER_ID,STATUS) values (100654,to_timestamp('07/05/15 01.53.17.000000000 PM','DD/MM/RR HH.MI.SS.FF AM'),1113,'closed');
Insert into ORDER_HEADER (ORDER_ID,ORDER_DATE,CUSTOMER_ID,STATUS) values (100655,to_timestamp('07/05/15 01.53.30.000000000 PM','DD/MM/RR HH.MI.SS.FF AM'),1119,'closed');
Insert into ORDER_HEADER (ORDER_ID,ORDER_DATE,CUSTOMER_ID,STATUS) values (100656,to_timestamp('07/05/14 12.00.00.000000000 AM','DD/MM/RR HH.MI.SS.FF AM'),1114,'closed');
Insert into ORDER_HEADER (ORDER_ID,ORDER_DATE,CUSTOMER_ID,STATUS) values (100668,to_timestamp('07/05/15 02.50.32.000000000 PM','DD/MM/RR HH.MI.SS.FF AM'),1113,'closed');
Insert into ORDER_HEADER (ORDER_ID,ORDER_DATE,CUSTOMER_ID,STATUS) values (100669,to_timestamp('07/05/15 02.50.40.000000000 PM','DD/MM/RR HH.MI.SS.FF AM'),1115,'closed');
Insert into ORDER_HEADER (ORDER_ID,ORDER_DATE,CUSTOMER_ID,STATUS) values (100613,to_timestamp('20/04/15 11.55.31.000000000 PM','DD/MM/RR HH.MI.SS.FF AM'),1113,'closed');
Insert into ORDER_HEADER (ORDER_ID,ORDER_DATE,CUSTOMER_ID,STATUS) values (100691,to_timestamp('07/05/15 06.24.22.000000000 PM','DD/MM/RR HH.MI.SS.FF AM'),1117,'closed');

---------------------------------------------------
--   END DATA FOR TABLE ORDER_HEADER
---------------------------------------------------


---------------------------------------------------
--   DATA FOR TABLE ORDER_LINE
--   FILTER = none used
---------------------------------------------------
REM INSERTING into ORDER_LINE
Insert into ORDER_LINE (ORDER_ID,LINE_NUMBER,ITEM_ID,AMOUNT) values (100665,1,3331,3);
Insert into ORDER_LINE (ORDER_ID,LINE_NUMBER,ITEM_ID,AMOUNT) values (100661,1,3332,2);
Insert into ORDER_LINE (ORDER_ID,LINE_NUMBER,ITEM_ID,AMOUNT) values (100661,2,3336,5);
Insert into ORDER_LINE (ORDER_ID,LINE_NUMBER,ITEM_ID,AMOUNT) values (100661,3,3402,6);
Insert into ORDER_LINE (ORDER_ID,LINE_NUMBER,ITEM_ID,AMOUNT) values (100665,2,3335,5);
Insert into ORDER_LINE (ORDER_ID,LINE_NUMBER,ITEM_ID,AMOUNT) values (100665,3,3402,6);
Insert into ORDER_LINE (ORDER_ID,LINE_NUMBER,ITEM_ID,AMOUNT) values (100671,2,3337,390);
Insert into ORDER_LINE (ORDER_ID,LINE_NUMBER,ITEM_ID,AMOUNT) values (100666,1,3331,2);
Insert into ORDER_LINE (ORDER_ID,LINE_NUMBER,ITEM_ID,AMOUNT) values (100666,2,3334,4);
Insert into ORDER_LINE (ORDER_ID,LINE_NUMBER,ITEM_ID,AMOUNT) values (100666,3,3338,5);
Insert into ORDER_LINE (ORDER_ID,LINE_NUMBER,ITEM_ID,AMOUNT) values (100657,3,3338,8);
Insert into ORDER_LINE (ORDER_ID,LINE_NUMBER,ITEM_ID,AMOUNT) values (100658,1,3331,2);
Insert into ORDER_LINE (ORDER_ID,LINE_NUMBER,ITEM_ID,AMOUNT) values (100666,4,3335,22);
Insert into ORDER_LINE (ORDER_ID,LINE_NUMBER,ITEM_ID,AMOUNT) values (100676,1,3332,3);
Insert into ORDER_LINE (ORDER_ID,LINE_NUMBER,ITEM_ID,AMOUNT) values (100667,2,3333,66);
Insert into ORDER_LINE (ORDER_ID,LINE_NUMBER,ITEM_ID,AMOUNT) values (100667,3,3338,88);
Insert into ORDER_LINE (ORDER_ID,LINE_NUMBER,ITEM_ID,AMOUNT) values (100671,1,3340,2661);
Insert into ORDER_LINE (ORDER_ID,LINE_NUMBER,ITEM_ID,AMOUNT) values (100676,2,3334,5);
Insert into ORDER_LINE (ORDER_ID,LINE_NUMBER,ITEM_ID,AMOUNT) values (100676,3,3339,6);
Insert into ORDER_LINE (ORDER_ID,LINE_NUMBER,ITEM_ID,AMOUNT) values (100677,1,3331,123);
Insert into ORDER_LINE (ORDER_ID,LINE_NUMBER,ITEM_ID,AMOUNT) values (100677,2,3335,4);
Insert into ORDER_LINE (ORDER_ID,LINE_NUMBER,ITEM_ID,AMOUNT) values (100677,3,3337,2);
Insert into ORDER_LINE (ORDER_ID,LINE_NUMBER,ITEM_ID,AMOUNT) values (100678,1,3331,4);
Insert into ORDER_LINE (ORDER_ID,LINE_NUMBER,ITEM_ID,AMOUNT) values (100678,2,3333,2);
Insert into ORDER_LINE (ORDER_ID,LINE_NUMBER,ITEM_ID,AMOUNT) values (100679,1,3335,3);
Insert into ORDER_LINE (ORDER_ID,LINE_NUMBER,ITEM_ID,AMOUNT) values (100679,2,3336,4);
Insert into ORDER_LINE (ORDER_ID,LINE_NUMBER,ITEM_ID,AMOUNT) values (100654,1,3334,33);
Insert into ORDER_LINE (ORDER_ID,LINE_NUMBER,ITEM_ID,AMOUNT) values (100668,1,3331,2);
Insert into ORDER_LINE (ORDER_ID,LINE_NUMBER,ITEM_ID,AMOUNT) values (100668,2,3336,5);
Insert into ORDER_LINE (ORDER_ID,LINE_NUMBER,ITEM_ID,AMOUNT) values (100614,2,3336,5);
Insert into ORDER_LINE (ORDER_ID,LINE_NUMBER,ITEM_ID,AMOUNT) values (100615,1,3331,2);
Insert into ORDER_LINE (ORDER_ID,LINE_NUMBER,ITEM_ID,AMOUNT) values (100612,3,3335,1);
Insert into ORDER_LINE (ORDER_ID,LINE_NUMBER,ITEM_ID,AMOUNT) values (100668,3,3338,77);
Insert into ORDER_LINE (ORDER_ID,LINE_NUMBER,ITEM_ID,AMOUNT) values (100613,1,3331,2);
Insert into ORDER_LINE (ORDER_ID,LINE_NUMBER,ITEM_ID,AMOUNT) values (100655,1,3331,12);
Insert into ORDER_LINE (ORDER_ID,LINE_NUMBER,ITEM_ID,AMOUNT) values (100656,1,3331,2);
Insert into ORDER_LINE (ORDER_ID,LINE_NUMBER,ITEM_ID,AMOUNT) values (100669,1,3335,2);
Insert into ORDER_LINE (ORDER_ID,LINE_NUMBER,ITEM_ID,AMOUNT) values (100669,2,3336,4);
Insert into ORDER_LINE (ORDER_ID,LINE_NUMBER,ITEM_ID,AMOUNT) values (100669,3,3402,6);
Insert into ORDER_LINE (ORDER_ID,LINE_NUMBER,ITEM_ID,AMOUNT) values (100691,1,3334,5);
Insert into ORDER_LINE (ORDER_ID,LINE_NUMBER,ITEM_ID,AMOUNT) values (100691,2,3451,12);
Insert into ORDER_LINE (ORDER_ID,LINE_NUMBER,ITEM_ID,AMOUNT) values (100691,3,3339,80);

---------------------------------------------------
--   END DATA FOR TABLE ORDER_LINE
---------------------------------------------------


---------------------------------------------------
--   DATA FOR TABLE STOCK_BALANCE
--   FILTER = none used
---------------------------------------------------
REM INSERTING into STOCK_BALANCE
Insert into STOCK_BALANCE (ITEM_ID,STOREHOUSE_ID,STOCK_BALANCE_AMOUNT) values (3331,10,16);
Insert into STOCK_BALANCE (ITEM_ID,STOREHOUSE_ID,STOCK_BALANCE_AMOUNT) values (3333,12,1497);
Insert into STOCK_BALANCE (ITEM_ID,STOREHOUSE_ID,STOCK_BALANCE_AMOUNT) values (3333,31,5);
Insert into STOCK_BALANCE (ITEM_ID,STOREHOUSE_ID,STOCK_BALANCE_AMOUNT) values (3333,10,604);
Insert into STOCK_BALANCE (ITEM_ID,STOREHOUSE_ID,STOCK_BALANCE_AMOUNT) values (3333,11,7);
Insert into STOCK_BALANCE (ITEM_ID,STOREHOUSE_ID,STOCK_BALANCE_AMOUNT) values (3337,11,6);
Insert into STOCK_BALANCE (ITEM_ID,STOREHOUSE_ID,STOCK_BALANCE_AMOUNT) values (3451,110,1488);
Insert into STOCK_BALANCE (ITEM_ID,STOREHOUSE_ID,STOCK_BALANCE_AMOUNT) values (3336,30,300);
Insert into STOCK_BALANCE (ITEM_ID,STOREHOUSE_ID,STOCK_BALANCE_AMOUNT) values (3336,11,213);
Insert into STOCK_BALANCE (ITEM_ID,STOREHOUSE_ID,STOCK_BALANCE_AMOUNT) values (3332,10,385);
Insert into STOCK_BALANCE (ITEM_ID,STOREHOUSE_ID,STOCK_BALANCE_AMOUNT) values (3335,12,70);
Insert into STOCK_BALANCE (ITEM_ID,STOREHOUSE_ID,STOCK_BALANCE_AMOUNT) values (3335,11,53);
Insert into STOCK_BALANCE (ITEM_ID,STOREHOUSE_ID,STOCK_BALANCE_AMOUNT) values (3335,30,74);
Insert into STOCK_BALANCE (ITEM_ID,STOREHOUSE_ID,STOCK_BALANCE_AMOUNT) values (3340,10,0);
Insert into STOCK_BALANCE (ITEM_ID,STOREHOUSE_ID,STOCK_BALANCE_AMOUNT) values (3340,11,0);
Insert into STOCK_BALANCE (ITEM_ID,STOREHOUSE_ID,STOCK_BALANCE_AMOUNT) values (3340,12,0);
Insert into STOCK_BALANCE (ITEM_ID,STOREHOUSE_ID,STOCK_BALANCE_AMOUNT) values (3340,30,2);
Insert into STOCK_BALANCE (ITEM_ID,STOREHOUSE_ID,STOCK_BALANCE_AMOUNT) values (3331,11,706);
Insert into STOCK_BALANCE (ITEM_ID,STOREHOUSE_ID,STOCK_BALANCE_AMOUNT) values (3339,31,2);
Insert into STOCK_BALANCE (ITEM_ID,STOREHOUSE_ID,STOCK_BALANCE_AMOUNT) values (3338,11,28);
Insert into STOCK_BALANCE (ITEM_ID,STOREHOUSE_ID,STOCK_BALANCE_AMOUNT) values (3333,90,2332);
Insert into STOCK_BALANCE (ITEM_ID,STOREHOUSE_ID,STOCK_BALANCE_AMOUNT) values (3331,12,50);
Insert into STOCK_BALANCE (ITEM_ID,STOREHOUSE_ID,STOCK_BALANCE_AMOUNT) values (3335,10,2561);
Insert into STOCK_BALANCE (ITEM_ID,STOREHOUSE_ID,STOCK_BALANCE_AMOUNT) values (3334,12,313);
Insert into STOCK_BALANCE (ITEM_ID,STOREHOUSE_ID,STOCK_BALANCE_AMOUNT) values (3451,130,800);
Insert into STOCK_BALANCE (ITEM_ID,STOREHOUSE_ID,STOCK_BALANCE_AMOUNT) values (3334,11,0);
Insert into STOCK_BALANCE (ITEM_ID,STOREHOUSE_ID,STOCK_BALANCE_AMOUNT) values (3399,10,227);
Insert into STOCK_BALANCE (ITEM_ID,STOREHOUSE_ID,STOCK_BALANCE_AMOUNT) values (3402,10,60);

---------------------------------------------------
--   END DATA FOR TABLE STOCK_BALANCE
---------------------------------------------------


---------------------------------------------------
--   DATA FOR TABLE STOREHOUSE
--   FILTER = none used
---------------------------------------------------
REM INSERTING into STOREHOUSE
Insert into STOREHOUSE (STOREHOUSE_ID,STOREHOUSE_NAME) values (90,'ssssss');
Insert into STOREHOUSE (STOREHOUSE_ID,STOREHOUSE_NAME) values (110,'angar7');
Insert into STOREHOUSE (STOREHOUSE_ID,STOREHOUSE_NAME) values (10,'angar1');
Insert into STOREHOUSE (STOREHOUSE_ID,STOREHOUSE_NAME) values (11,'angar2');
Insert into STOREHOUSE (STOREHOUSE_ID,STOREHOUSE_NAME) values (12,'angar3');
Insert into STOREHOUSE (STOREHOUSE_ID,STOREHOUSE_NAME) values (30,null);
Insert into STOREHOUSE (STOREHOUSE_ID,STOREHOUSE_NAME) values (31,null);
Insert into STOREHOUSE (STOREHOUSE_ID,STOREHOUSE_NAME) values (130,'Anggar777');

---------------------------------------------------
--   END DATA FOR TABLE STOREHOUSE
---------------------------------------------------


---------------------------------------------------
--   DATA FOR TABLE TRANSACTION
--   FILTER = none used
---------------------------------------------------
REM INSERTING into TRANSACTION
Insert into TRANSACTION (TRANSACTION_ID,TRANSACTION_DATE,ITEM_ID,STOREHOUSE_ID,TRANSACTION_AMOUNT,TRANSACTION_TYPE,CUSTOMER_ID) values (89833,to_timestamp('07/05/15 02.05.06.000000000 PM','DD/MM/RR HH.MI.SS.FF AM'),3335,10,6,'debit',1113);
Insert into TRANSACTION (TRANSACTION_ID,TRANSACTION_DATE,ITEM_ID,STOREHOUSE_ID,TRANSACTION_AMOUNT,TRANSACTION_TYPE,CUSTOMER_ID) values (89834,to_timestamp('07/05/15 02.05.06.000000000 PM','DD/MM/RR HH.MI.SS.FF AM'),3338,11,8,'debit',1113);
Insert into TRANSACTION (TRANSACTION_ID,TRANSACTION_DATE,ITEM_ID,STOREHOUSE_ID,TRANSACTION_AMOUNT,TRANSACTION_TYPE,CUSTOMER_ID) values (89854,to_timestamp('07/05/15 02.19.55.000000000 PM','DD/MM/RR HH.MI.SS.FF AM'),3331,10,1,'credit',null);
Insert into TRANSACTION (TRANSACTION_ID,TRANSACTION_DATE,ITEM_ID,STOREHOUSE_ID,TRANSACTION_AMOUNT,TRANSACTION_TYPE,CUSTOMER_ID) values (89856,to_timestamp('07/05/15 02.20.06.000000000 PM','DD/MM/RR HH.MI.SS.FF AM'),3334,11,10,'credit',null);
Insert into TRANSACTION (TRANSACTION_ID,TRANSACTION_DATE,ITEM_ID,STOREHOUSE_ID,TRANSACTION_AMOUNT,TRANSACTION_TYPE,CUSTOMER_ID) values (89858,to_timestamp('07/05/15 02.20.57.000000000 PM','DD/MM/RR HH.MI.SS.FF AM'),3331,10,4,'credit',1113);
Insert into TRANSACTION (TRANSACTION_ID,TRANSACTION_DATE,ITEM_ID,STOREHOUSE_ID,TRANSACTION_AMOUNT,TRANSACTION_TYPE,CUSTOMER_ID) values (89860,to_timestamp('07/05/15 02.20.57.000000000 PM','DD/MM/RR HH.MI.SS.FF AM'),3335,30,6,'credit',1113);
Insert into TRANSACTION (TRANSACTION_ID,TRANSACTION_DATE,ITEM_ID,STOREHOUSE_ID,TRANSACTION_AMOUNT,TRANSACTION_TYPE,CUSTOMER_ID) values (89862,to_timestamp('07/05/15 02.20.57.000000000 PM','DD/MM/RR HH.MI.SS.FF AM'),3338,11,8,'credit',1113);
Insert into TRANSACTION (TRANSACTION_ID,TRANSACTION_DATE,ITEM_ID,STOREHOUSE_ID,TRANSACTION_AMOUNT,TRANSACTION_TYPE,CUSTOMER_ID) values (89864,to_timestamp('07/05/15 02.21.27.000000000 PM','DD/MM/RR HH.MI.SS.FF AM'),3336,11,55,'credit',1117);
Insert into TRANSACTION (TRANSACTION_ID,TRANSACTION_DATE,ITEM_ID,STOREHOUSE_ID,TRANSACTION_AMOUNT,TRANSACTION_TYPE,CUSTOMER_ID) values (89866,to_timestamp('07/05/15 02.21.27.000000000 PM','DD/MM/RR HH.MI.SS.FF AM'),3337,11,13,'credit',1117);
Insert into TRANSACTION (TRANSACTION_ID,TRANSACTION_DATE,ITEM_ID,STOREHOUSE_ID,TRANSACTION_AMOUNT,TRANSACTION_TYPE,CUSTOMER_ID) values (89868,to_timestamp('07/05/15 02.21.27.000000000 PM','DD/MM/RR HH.MI.SS.FF AM'),3331,10,2,'credit',1117);
Insert into TRANSACTION (TRANSACTION_ID,TRANSACTION_DATE,ITEM_ID,STOREHOUSE_ID,TRANSACTION_AMOUNT,TRANSACTION_TYPE,CUSTOMER_ID) values (89869,to_timestamp('07/05/15 02.35.18.000000000 PM','DD/MM/RR HH.MI.SS.FF AM'),3332,10,2,'debit',1113);
Insert into TRANSACTION (TRANSACTION_ID,TRANSACTION_DATE,ITEM_ID,STOREHOUSE_ID,TRANSACTION_AMOUNT,TRANSACTION_TYPE,CUSTOMER_ID) values (89870,to_timestamp('07/05/15 02.35.18.000000000 PM','DD/MM/RR HH.MI.SS.FF AM'),3336,11,5,'debit',1113);
Insert into TRANSACTION (TRANSACTION_ID,TRANSACTION_DATE,ITEM_ID,STOREHOUSE_ID,TRANSACTION_AMOUNT,TRANSACTION_TYPE,CUSTOMER_ID) values (89871,to_timestamp('07/05/15 02.35.18.000000000 PM','DD/MM/RR HH.MI.SS.FF AM'),3402,10,6,'debit',1113);
Insert into TRANSACTION (TRANSACTION_ID,TRANSACTION_DATE,ITEM_ID,STOREHOUSE_ID,TRANSACTION_AMOUNT,TRANSACTION_TYPE,CUSTOMER_ID) values (89872,to_timestamp('07/05/15 02.39.17.000000000 PM','DD/MM/RR HH.MI.SS.FF AM'),3331,10,2,'debit',1115);
Insert into TRANSACTION (TRANSACTION_ID,TRANSACTION_DATE,ITEM_ID,STOREHOUSE_ID,TRANSACTION_AMOUNT,TRANSACTION_TYPE,CUSTOMER_ID) values (89829,to_timestamp('07/05/15 02.05.20.000000000 PM','DD/MM/RR HH.MI.SS.FF AM'),3336,11,55,'debit',1117);
Insert into TRANSACTION (TRANSACTION_ID,TRANSACTION_DATE,ITEM_ID,STOREHOUSE_ID,TRANSACTION_AMOUNT,TRANSACTION_TYPE,CUSTOMER_ID) values (89830,to_timestamp('07/05/15 02.05.20.000000000 PM','DD/MM/RR HH.MI.SS.FF AM'),3337,11,13,'debit',1117);
Insert into TRANSACTION (TRANSACTION_ID,TRANSACTION_DATE,ITEM_ID,STOREHOUSE_ID,TRANSACTION_AMOUNT,TRANSACTION_TYPE,CUSTOMER_ID) values (89831,to_timestamp('07/05/15 02.05.20.000000000 PM','DD/MM/RR HH.MI.SS.FF AM'),3331,10,2,'debit',1117);
Insert into TRANSACTION (TRANSACTION_ID,TRANSACTION_DATE,ITEM_ID,STOREHOUSE_ID,TRANSACTION_AMOUNT,TRANSACTION_TYPE,CUSTOMER_ID) values (89832,to_timestamp('07/05/15 02.05.06.000000000 PM','DD/MM/RR HH.MI.SS.FF AM'),3331,10,4,'debit',1113);
Insert into TRANSACTION (TRANSACTION_ID,TRANSACTION_DATE,ITEM_ID,STOREHOUSE_ID,TRANSACTION_AMOUNT,TRANSACTION_TYPE,CUSTOMER_ID) values (89873,to_timestamp('07/05/15 02.39.17.000000000 PM','DD/MM/RR HH.MI.SS.FF AM'),3334,11,4,'debit',1115);
Insert into TRANSACTION (TRANSACTION_ID,TRANSACTION_DATE,ITEM_ID,STOREHOUSE_ID,TRANSACTION_AMOUNT,TRANSACTION_TYPE,CUSTOMER_ID) values (89874,to_timestamp('07/05/15 02.39.17.000000000 PM','DD/MM/RR HH.MI.SS.FF AM'),3338,11,5,'debit',1115);
Insert into TRANSACTION (TRANSACTION_ID,TRANSACTION_DATE,ITEM_ID,STOREHOUSE_ID,TRANSACTION_AMOUNT,TRANSACTION_TYPE,CUSTOMER_ID) values (89875,to_timestamp('07/05/15 02.39.17.000000000 PM','DD/MM/RR HH.MI.SS.FF AM'),3335,10,22,'debit',1115);
Insert into TRANSACTION (TRANSACTION_ID,TRANSACTION_DATE,ITEM_ID,STOREHOUSE_ID,TRANSACTION_AMOUNT,TRANSACTION_TYPE,CUSTOMER_ID) values (89877,to_timestamp('07/05/15 02.40.52.000000000 PM','DD/MM/RR HH.MI.SS.FF AM'),3332,10,2,'credit',1113);
Insert into TRANSACTION (TRANSACTION_ID,TRANSACTION_DATE,ITEM_ID,STOREHOUSE_ID,TRANSACTION_AMOUNT,TRANSACTION_TYPE,CUSTOMER_ID) values (89879,to_timestamp('07/05/15 02.40.52.000000000 PM','DD/MM/RR HH.MI.SS.FF AM'),3336,11,5,'credit',1113);
Insert into TRANSACTION (TRANSACTION_ID,TRANSACTION_DATE,ITEM_ID,STOREHOUSE_ID,TRANSACTION_AMOUNT,TRANSACTION_TYPE,CUSTOMER_ID) values (89881,to_timestamp('07/05/15 02.40.52.000000000 PM','DD/MM/RR HH.MI.SS.FF AM'),3402,10,6,'credit',1113);
Insert into TRANSACTION (TRANSACTION_ID,TRANSACTION_DATE,ITEM_ID,STOREHOUSE_ID,TRANSACTION_AMOUNT,TRANSACTION_TYPE,CUSTOMER_ID) values (89882,to_timestamp('07/05/15 02.50.40.000000000 PM','DD/MM/RR HH.MI.SS.FF AM'),3335,10,2,'debit',1115);
Insert into TRANSACTION (TRANSACTION_ID,TRANSACTION_DATE,ITEM_ID,STOREHOUSE_ID,TRANSACTION_AMOUNT,TRANSACTION_TYPE,CUSTOMER_ID) values (89883,to_timestamp('07/05/15 02.50.40.000000000 PM','DD/MM/RR HH.MI.SS.FF AM'),3336,11,4,'debit',1115);
Insert into TRANSACTION (TRANSACTION_ID,TRANSACTION_DATE,ITEM_ID,STOREHOUSE_ID,TRANSACTION_AMOUNT,TRANSACTION_TYPE,CUSTOMER_ID) values (89884,to_timestamp('07/05/15 02.50.40.000000000 PM','DD/MM/RR HH.MI.SS.FF AM'),3402,10,6,'debit',1115);
Insert into TRANSACTION (TRANSACTION_ID,TRANSACTION_DATE,ITEM_ID,STOREHOUSE_ID,TRANSACTION_AMOUNT,TRANSACTION_TYPE,CUSTOMER_ID) values (89886,to_timestamp('07/05/15 02.51.20.000000000 PM','DD/MM/RR HH.MI.SS.FF AM'),3335,30,2,'credit',1115);
Insert into TRANSACTION (TRANSACTION_ID,TRANSACTION_DATE,ITEM_ID,STOREHOUSE_ID,TRANSACTION_AMOUNT,TRANSACTION_TYPE,CUSTOMER_ID) values (89888,to_timestamp('07/05/15 02.51.20.000000000 PM','DD/MM/RR HH.MI.SS.FF AM'),3336,11,4,'credit',1115);
Insert into TRANSACTION (TRANSACTION_ID,TRANSACTION_DATE,ITEM_ID,STOREHOUSE_ID,TRANSACTION_AMOUNT,TRANSACTION_TYPE,CUSTOMER_ID) values (89890,to_timestamp('07/05/15 02.51.20.000000000 PM','DD/MM/RR HH.MI.SS.FF AM'),3402,10,6,'credit',1115);
Insert into TRANSACTION (TRANSACTION_ID,TRANSACTION_DATE,ITEM_ID,STOREHOUSE_ID,TRANSACTION_AMOUNT,TRANSACTION_TYPE,CUSTOMER_ID) values (89891,to_timestamp('07/05/15 02.50.32.000000000 PM','DD/MM/RR HH.MI.SS.FF AM'),3331,10,2,'debit',1113);
Insert into TRANSACTION (TRANSACTION_ID,TRANSACTION_DATE,ITEM_ID,STOREHOUSE_ID,TRANSACTION_AMOUNT,TRANSACTION_TYPE,CUSTOMER_ID) values (89892,to_timestamp('07/05/15 02.50.32.000000000 PM','DD/MM/RR HH.MI.SS.FF AM'),3336,11,5,'debit',1113);
Insert into TRANSACTION (TRANSACTION_ID,TRANSACTION_DATE,ITEM_ID,STOREHOUSE_ID,TRANSACTION_AMOUNT,TRANSACTION_TYPE,CUSTOMER_ID) values (89893,to_timestamp('07/05/15 02.50.32.000000000 PM','DD/MM/RR HH.MI.SS.FF AM'),3338,11,77,'debit',1113);
Insert into TRANSACTION (TRANSACTION_ID,TRANSACTION_DATE,ITEM_ID,STOREHOUSE_ID,TRANSACTION_AMOUNT,TRANSACTION_TYPE,CUSTOMER_ID) values (89895,to_timestamp('07/05/15 02.54.36.000000000 PM','DD/MM/RR HH.MI.SS.FF AM'),3331,10,2,'credit',1113);
Insert into TRANSACTION (TRANSACTION_ID,TRANSACTION_DATE,ITEM_ID,STOREHOUSE_ID,TRANSACTION_AMOUNT,TRANSACTION_TYPE,CUSTOMER_ID) values (89897,to_timestamp('07/05/15 02.54.36.000000000 PM','DD/MM/RR HH.MI.SS.FF AM'),3336,11,5,'credit',1113);
Insert into TRANSACTION (TRANSACTION_ID,TRANSACTION_DATE,ITEM_ID,STOREHOUSE_ID,TRANSACTION_AMOUNT,TRANSACTION_TYPE,CUSTOMER_ID) values (89899,to_timestamp('07/05/15 02.54.36.000000000 PM','DD/MM/RR HH.MI.SS.FF AM'),3338,11,77,'credit',1113);
Insert into TRANSACTION (TRANSACTION_ID,TRANSACTION_DATE,ITEM_ID,STOREHOUSE_ID,TRANSACTION_AMOUNT,TRANSACTION_TYPE,CUSTOMER_ID) values (89901,to_timestamp('07/05/15 03.07.38.000000000 PM','DD/MM/RR HH.MI.SS.FF AM'),3331,10,2,'credit',1115);
Insert into TRANSACTION (TRANSACTION_ID,TRANSACTION_DATE,ITEM_ID,STOREHOUSE_ID,TRANSACTION_AMOUNT,TRANSACTION_TYPE,CUSTOMER_ID) values (89903,to_timestamp('07/05/15 03.07.38.000000000 PM','DD/MM/RR HH.MI.SS.FF AM'),3334,11,4,'credit',1115);
Insert into TRANSACTION (TRANSACTION_ID,TRANSACTION_DATE,ITEM_ID,STOREHOUSE_ID,TRANSACTION_AMOUNT,TRANSACTION_TYPE,CUSTOMER_ID) values (89905,to_timestamp('07/05/15 03.07.38.000000000 PM','DD/MM/RR HH.MI.SS.FF AM'),3338,11,5,'credit',1115);
Insert into TRANSACTION (TRANSACTION_ID,TRANSACTION_DATE,ITEM_ID,STOREHOUSE_ID,TRANSACTION_AMOUNT,TRANSACTION_TYPE,CUSTOMER_ID) values (89907,to_timestamp('07/05/15 03.07.38.000000000 PM','DD/MM/RR HH.MI.SS.FF AM'),3335,30,22,'credit',1115);
Insert into TRANSACTION (TRANSACTION_ID,TRANSACTION_DATE,ITEM_ID,STOREHOUSE_ID,TRANSACTION_AMOUNT,TRANSACTION_TYPE,CUSTOMER_ID) values (89908,to_timestamp('07/05/15 02.48.41.000000000 PM','DD/MM/RR HH.MI.SS.FF AM'),3333,10,66,'debit',1113);
Insert into TRANSACTION (TRANSACTION_ID,TRANSACTION_DATE,ITEM_ID,STOREHOUSE_ID,TRANSACTION_AMOUNT,TRANSACTION_TYPE,CUSTOMER_ID) values (89909,to_timestamp('07/05/15 02.48.41.000000000 PM','DD/MM/RR HH.MI.SS.FF AM'),3338,11,88,'debit',1113);
Insert into TRANSACTION (TRANSACTION_ID,TRANSACTION_DATE,ITEM_ID,STOREHOUSE_ID,TRANSACTION_AMOUNT,TRANSACTION_TYPE,CUSTOMER_ID) values (89910,to_timestamp('07/05/15 03.12.29.000000000 PM','DD/MM/RR HH.MI.SS.FF AM'),3337,11,390,'debit',12345);
Insert into TRANSACTION (TRANSACTION_ID,TRANSACTION_DATE,ITEM_ID,STOREHOUSE_ID,TRANSACTION_AMOUNT,TRANSACTION_TYPE,CUSTOMER_ID) values (89911,to_timestamp('07/05/15 03.12.29.000000000 PM','DD/MM/RR HH.MI.SS.FF AM'),3340,10,2198,'debit',12345);
Insert into TRANSACTION (TRANSACTION_ID,TRANSACTION_DATE,ITEM_ID,STOREHOUSE_ID,TRANSACTION_AMOUNT,TRANSACTION_TYPE,CUSTOMER_ID) values (89912,to_timestamp('07/05/15 03.12.29.000000000 PM','DD/MM/RR HH.MI.SS.FF AM'),3340,11,408,'debit',12345);
Insert into TRANSACTION (TRANSACTION_ID,TRANSACTION_DATE,ITEM_ID,STOREHOUSE_ID,TRANSACTION_AMOUNT,TRANSACTION_TYPE,CUSTOMER_ID) values (89913,to_timestamp('07/05/15 03.12.29.000000000 PM','DD/MM/RR HH.MI.SS.FF AM'),3340,12,2,'debit',12345);
Insert into TRANSACTION (TRANSACTION_ID,TRANSACTION_DATE,ITEM_ID,STOREHOUSE_ID,TRANSACTION_AMOUNT,TRANSACTION_TYPE,CUSTOMER_ID) values (89914,to_timestamp('07/05/15 03.12.29.000000000 PM','DD/MM/RR HH.MI.SS.FF AM'),3340,30,53,'debit',12345);
Insert into TRANSACTION (TRANSACTION_ID,TRANSACTION_DATE,ITEM_ID,STOREHOUSE_ID,TRANSACTION_AMOUNT,TRANSACTION_TYPE,CUSTOMER_ID) values (89915,to_timestamp('07/05/15 03.24.55.000000000 PM','DD/MM/RR HH.MI.SS.FF AM'),3332,10,3,'debit',1113);
Insert into TRANSACTION (TRANSACTION_ID,TRANSACTION_DATE,ITEM_ID,STOREHOUSE_ID,TRANSACTION_AMOUNT,TRANSACTION_TYPE,CUSTOMER_ID) values (89916,to_timestamp('07/05/15 03.24.55.000000000 PM','DD/MM/RR HH.MI.SS.FF AM'),3334,11,5,'debit',1113);
Insert into TRANSACTION (TRANSACTION_ID,TRANSACTION_DATE,ITEM_ID,STOREHOUSE_ID,TRANSACTION_AMOUNT,TRANSACTION_TYPE,CUSTOMER_ID) values (89917,to_timestamp('07/05/15 03.24.55.000000000 PM','DD/MM/RR HH.MI.SS.FF AM'),3339,31,6,'debit',1113);
Insert into TRANSACTION (TRANSACTION_ID,TRANSACTION_DATE,ITEM_ID,STOREHOUSE_ID,TRANSACTION_AMOUNT,TRANSACTION_TYPE,CUSTOMER_ID) values (89919,to_timestamp('07/05/15 03.30.33.000000000 PM','DD/MM/RR HH.MI.SS.FF AM'),3451,110,1500,'credit',null);
Insert into TRANSACTION (TRANSACTION_ID,TRANSACTION_DATE,ITEM_ID,STOREHOUSE_ID,TRANSACTION_AMOUNT,TRANSACTION_TYPE,CUSTOMER_ID) values (89824,to_timestamp('07/05/15 01.53.17.000000000 PM','DD/MM/RR HH.MI.SS.FF AM'),3334,11,16,'debit',1113);
Insert into TRANSACTION (TRANSACTION_ID,TRANSACTION_DATE,ITEM_ID,STOREHOUSE_ID,TRANSACTION_AMOUNT,TRANSACTION_TYPE,CUSTOMER_ID) values (89825,to_timestamp('07/05/15 01.53.17.000000000 PM','DD/MM/RR HH.MI.SS.FF AM'),3334,12,17,'debit',1113);
Insert into TRANSACTION (TRANSACTION_ID,TRANSACTION_DATE,ITEM_ID,STOREHOUSE_ID,TRANSACTION_AMOUNT,TRANSACTION_TYPE,CUSTOMER_ID) values (89826,to_timestamp('07/05/15 01.53.17.000000000 PM','DD/MM/RR HH.MI.SS.FF AM'),3338,11,2,'debit',1113);
Insert into TRANSACTION (TRANSACTION_ID,TRANSACTION_DATE,ITEM_ID,STOREHOUSE_ID,TRANSACTION_AMOUNT,TRANSACTION_TYPE,CUSTOMER_ID) values (89828,to_timestamp('07/05/15 02.00.48.000000000 PM','DD/MM/RR HH.MI.SS.FF AM'),3338,11,2,'credit',1113);
Insert into TRANSACTION (TRANSACTION_ID,TRANSACTION_DATE,ITEM_ID,STOREHOUSE_ID,TRANSACTION_AMOUNT,TRANSACTION_TYPE,CUSTOMER_ID) values (89820,to_timestamp('07/05/15 01.53.30.000000000 PM','DD/MM/RR HH.MI.SS.FF AM'),3337,11,3,'debit',1119);
Insert into TRANSACTION (TRANSACTION_ID,TRANSACTION_DATE,ITEM_ID,STOREHOUSE_ID,TRANSACTION_AMOUNT,TRANSACTION_TYPE,CUSTOMER_ID) values (89821,to_timestamp('07/05/15 01.53.30.000000000 PM','DD/MM/RR HH.MI.SS.FF AM'),3399,10,6,'debit',1119);
Insert into TRANSACTION (TRANSACTION_ID,TRANSACTION_DATE,ITEM_ID,STOREHOUSE_ID,TRANSACTION_AMOUNT,TRANSACTION_TYPE,CUSTOMER_ID) values (89822,to_timestamp('07/05/15 01.53.30.000000000 PM','DD/MM/RR HH.MI.SS.FF AM'),3331,10,12,'debit',1119);
Insert into TRANSACTION (TRANSACTION_ID,TRANSACTION_DATE,ITEM_ID,STOREHOUSE_ID,TRANSACTION_AMOUNT,TRANSACTION_TYPE,CUSTOMER_ID) values (89823,to_timestamp('07/05/15 01.53.37.000000000 PM','DD/MM/RR HH.MI.SS.FF AM'),3331,10,2,'debit',1114);
Insert into TRANSACTION (TRANSACTION_ID,TRANSACTION_DATE,ITEM_ID,STOREHOUSE_ID,TRANSACTION_AMOUNT,TRANSACTION_TYPE,CUSTOMER_ID) values (89923,to_timestamp('07/05/15 06.24.22.000000000 PM','DD/MM/RR HH.MI.SS.FF AM'),3451,110,12,'debit',1117);
Insert into TRANSACTION (TRANSACTION_ID,TRANSACTION_DATE,ITEM_ID,STOREHOUSE_ID,TRANSACTION_AMOUNT,TRANSACTION_TYPE,CUSTOMER_ID) values (89924,to_timestamp('07/05/15 06.24.22.000000000 PM','DD/MM/RR HH.MI.SS.FF AM'),3339,31,80,'debit',1117);
Insert into TRANSACTION (TRANSACTION_ID,TRANSACTION_DATE,ITEM_ID,STOREHOUSE_ID,TRANSACTION_AMOUNT,TRANSACTION_TYPE,CUSTOMER_ID) values (89921,to_timestamp('07/05/15 06.18.07.000000000 PM','DD/MM/RR HH.MI.SS.FF AM'),3451,130,800,'credit',null);
Insert into TRANSACTION (TRANSACTION_ID,TRANSACTION_DATE,ITEM_ID,STOREHOUSE_ID,TRANSACTION_AMOUNT,TRANSACTION_TYPE,CUSTOMER_ID) values (89922,to_timestamp('07/05/15 06.24.22.000000000 PM','DD/MM/RR HH.MI.SS.FF AM'),3334,11,5,'debit',1117);

---------------------------------------------------
--   END DATA FOR TABLE TRANSACTION
---------------------------------------------------


---------------------------------------------------
--   DATA FOR TABLE TRANSACTION_STOREHOUSE
--   FILTER = none used
---------------------------------------------------
REM INSERTING into TRANSACTION_STOREHOUSE
Insert into TRANSACTION_STOREHOUSE (TRANSACTION_ID,STOREHOUSE_ID) values (89820,11);
Insert into TRANSACTION_STOREHOUSE (TRANSACTION_ID,STOREHOUSE_ID) values (89821,10);
Insert into TRANSACTION_STOREHOUSE (TRANSACTION_ID,STOREHOUSE_ID) values (89822,10);
Insert into TRANSACTION_STOREHOUSE (TRANSACTION_ID,STOREHOUSE_ID) values (89823,10);
Insert into TRANSACTION_STOREHOUSE (TRANSACTION_ID,STOREHOUSE_ID) values (89824,11);
Insert into TRANSACTION_STOREHOUSE (TRANSACTION_ID,STOREHOUSE_ID) values (89825,12);
Insert into TRANSACTION_STOREHOUSE (TRANSACTION_ID,STOREHOUSE_ID) values (89826,11);
Insert into TRANSACTION_STOREHOUSE (TRANSACTION_ID,STOREHOUSE_ID) values (89828,11);
Insert into TRANSACTION_STOREHOUSE (TRANSACTION_ID,STOREHOUSE_ID) values (89829,11);
Insert into TRANSACTION_STOREHOUSE (TRANSACTION_ID,STOREHOUSE_ID) values (89830,11);
Insert into TRANSACTION_STOREHOUSE (TRANSACTION_ID,STOREHOUSE_ID) values (89831,10);
Insert into TRANSACTION_STOREHOUSE (TRANSACTION_ID,STOREHOUSE_ID) values (89832,10);
Insert into TRANSACTION_STOREHOUSE (TRANSACTION_ID,STOREHOUSE_ID) values (89833,10);
Insert into TRANSACTION_STOREHOUSE (TRANSACTION_ID,STOREHOUSE_ID) values (89834,11);
Insert into TRANSACTION_STOREHOUSE (TRANSACTION_ID,STOREHOUSE_ID) values (89854,10);
Insert into TRANSACTION_STOREHOUSE (TRANSACTION_ID,STOREHOUSE_ID) values (89856,11);
Insert into TRANSACTION_STOREHOUSE (TRANSACTION_ID,STOREHOUSE_ID) values (89858,10);
Insert into TRANSACTION_STOREHOUSE (TRANSACTION_ID,STOREHOUSE_ID) values (89860,30);
Insert into TRANSACTION_STOREHOUSE (TRANSACTION_ID,STOREHOUSE_ID) values (89862,11);
Insert into TRANSACTION_STOREHOUSE (TRANSACTION_ID,STOREHOUSE_ID) values (89864,11);
Insert into TRANSACTION_STOREHOUSE (TRANSACTION_ID,STOREHOUSE_ID) values (89866,11);
Insert into TRANSACTION_STOREHOUSE (TRANSACTION_ID,STOREHOUSE_ID) values (89868,10);
Insert into TRANSACTION_STOREHOUSE (TRANSACTION_ID,STOREHOUSE_ID) values (89869,10);
Insert into TRANSACTION_STOREHOUSE (TRANSACTION_ID,STOREHOUSE_ID) values (89870,11);
Insert into TRANSACTION_STOREHOUSE (TRANSACTION_ID,STOREHOUSE_ID) values (89871,10);
Insert into TRANSACTION_STOREHOUSE (TRANSACTION_ID,STOREHOUSE_ID) values (89872,10);
Insert into TRANSACTION_STOREHOUSE (TRANSACTION_ID,STOREHOUSE_ID) values (89873,11);
Insert into TRANSACTION_STOREHOUSE (TRANSACTION_ID,STOREHOUSE_ID) values (89874,11);
Insert into TRANSACTION_STOREHOUSE (TRANSACTION_ID,STOREHOUSE_ID) values (89875,10);
Insert into TRANSACTION_STOREHOUSE (TRANSACTION_ID,STOREHOUSE_ID) values (89877,10);
Insert into TRANSACTION_STOREHOUSE (TRANSACTION_ID,STOREHOUSE_ID) values (89879,11);
Insert into TRANSACTION_STOREHOUSE (TRANSACTION_ID,STOREHOUSE_ID) values (89881,10);
Insert into TRANSACTION_STOREHOUSE (TRANSACTION_ID,STOREHOUSE_ID) values (89882,10);
Insert into TRANSACTION_STOREHOUSE (TRANSACTION_ID,STOREHOUSE_ID) values (89883,11);
Insert into TRANSACTION_STOREHOUSE (TRANSACTION_ID,STOREHOUSE_ID) values (89884,10);
Insert into TRANSACTION_STOREHOUSE (TRANSACTION_ID,STOREHOUSE_ID) values (89886,30);
Insert into TRANSACTION_STOREHOUSE (TRANSACTION_ID,STOREHOUSE_ID) values (89888,11);
Insert into TRANSACTION_STOREHOUSE (TRANSACTION_ID,STOREHOUSE_ID) values (89890,10);
Insert into TRANSACTION_STOREHOUSE (TRANSACTION_ID,STOREHOUSE_ID) values (89891,10);
Insert into TRANSACTION_STOREHOUSE (TRANSACTION_ID,STOREHOUSE_ID) values (89892,11);
Insert into TRANSACTION_STOREHOUSE (TRANSACTION_ID,STOREHOUSE_ID) values (89893,11);
Insert into TRANSACTION_STOREHOUSE (TRANSACTION_ID,STOREHOUSE_ID) values (89895,10);
Insert into TRANSACTION_STOREHOUSE (TRANSACTION_ID,STOREHOUSE_ID) values (89897,11);
Insert into TRANSACTION_STOREHOUSE (TRANSACTION_ID,STOREHOUSE_ID) values (89899,11);
Insert into TRANSACTION_STOREHOUSE (TRANSACTION_ID,STOREHOUSE_ID) values (89901,10);
Insert into TRANSACTION_STOREHOUSE (TRANSACTION_ID,STOREHOUSE_ID) values (89903,11);
Insert into TRANSACTION_STOREHOUSE (TRANSACTION_ID,STOREHOUSE_ID) values (89905,11);
Insert into TRANSACTION_STOREHOUSE (TRANSACTION_ID,STOREHOUSE_ID) values (89907,30);
Insert into TRANSACTION_STOREHOUSE (TRANSACTION_ID,STOREHOUSE_ID) values (89908,10);
Insert into TRANSACTION_STOREHOUSE (TRANSACTION_ID,STOREHOUSE_ID) values (89909,11);
Insert into TRANSACTION_STOREHOUSE (TRANSACTION_ID,STOREHOUSE_ID) values (89910,11);
Insert into TRANSACTION_STOREHOUSE (TRANSACTION_ID,STOREHOUSE_ID) values (89911,10);
Insert into TRANSACTION_STOREHOUSE (TRANSACTION_ID,STOREHOUSE_ID) values (89912,11);
Insert into TRANSACTION_STOREHOUSE (TRANSACTION_ID,STOREHOUSE_ID) values (89913,12);
Insert into TRANSACTION_STOREHOUSE (TRANSACTION_ID,STOREHOUSE_ID) values (89914,30);
Insert into TRANSACTION_STOREHOUSE (TRANSACTION_ID,STOREHOUSE_ID) values (89915,10);
Insert into TRANSACTION_STOREHOUSE (TRANSACTION_ID,STOREHOUSE_ID) values (89916,11);
Insert into TRANSACTION_STOREHOUSE (TRANSACTION_ID,STOREHOUSE_ID) values (89917,31);
Insert into TRANSACTION_STOREHOUSE (TRANSACTION_ID,STOREHOUSE_ID) values (89919,110);
Insert into TRANSACTION_STOREHOUSE (TRANSACTION_ID,STOREHOUSE_ID) values (89921,130);
Insert into TRANSACTION_STOREHOUSE (TRANSACTION_ID,STOREHOUSE_ID) values (89922,11);
Insert into TRANSACTION_STOREHOUSE (TRANSACTION_ID,STOREHOUSE_ID) values (89923,110);
Insert into TRANSACTION_STOREHOUSE (TRANSACTION_ID,STOREHOUSE_ID) values (89924,31);

---------------------------------------------------
--   END DATA FOR TABLE TRANSACTION_STOREHOUSE
---------------------------------------------------


---------------------------------------------------
--   DATA FOR TABLE TRANSAC_HIST_TBL
--   FILTER = none used
---------------------------------------------------
REM INSERTING into TRANSAC_HIST_TBL
Insert into TRANSAC_HIST_TBL (TRANSACTION_ID,TRANSACTION_DATE,CUSTOMER_ID,ITEM_ID,TRANSACTION_AMOUNT,TRANSACTION_TYPE) values (89785,to_timestamp('20/04/15 11.39.23.000000000 PM','DD/MM/RR HH.MI.SS.FF AM'),1113,3331,23,'credit');
Insert into TRANSAC_HIST_TBL (TRANSACTION_ID,TRANSACTION_DATE,CUSTOMER_ID,ITEM_ID,TRANSACTION_AMOUNT,TRANSACTION_TYPE) values (89787,to_timestamp('20/04/15 11.40.17.000000000 PM','DD/MM/RR HH.MI.SS.FF AM'),null,3333,2332,'credit');
Insert into TRANSAC_HIST_TBL (TRANSACTION_ID,TRANSACTION_DATE,CUSTOMER_ID,ITEM_ID,TRANSACTION_AMOUNT,TRANSACTION_TYPE) values (89788,to_timestamp('20/04/15 11.55.40.000000000 PM','DD/MM/RR HH.MI.SS.FF AM'),232323,3331,2,'debit');
Insert into TRANSAC_HIST_TBL (TRANSACTION_ID,TRANSACTION_DATE,CUSTOMER_ID,ITEM_ID,TRANSACTION_AMOUNT,TRANSACTION_TYPE) values (89790,to_timestamp('21/04/15 12.47.10.000000000 AM','DD/MM/RR HH.MI.SS.FF AM'),232323,3331,2,'credit');
Insert into TRANSAC_HIST_TBL (TRANSACTION_ID,TRANSACTION_DATE,CUSTOMER_ID,ITEM_ID,TRANSACTION_AMOUNT,TRANSACTION_TYPE) values (89791,to_timestamp('20/04/15 11.55.31.000000000 PM','DD/MM/RR HH.MI.SS.FF AM'),1113,3334,2,'debit');
Insert into TRANSAC_HIST_TBL (TRANSACTION_ID,TRANSACTION_DATE,CUSTOMER_ID,ITEM_ID,TRANSACTION_AMOUNT,TRANSACTION_TYPE) values (89792,to_timestamp('20/04/15 11.55.31.000000000 PM','DD/MM/RR HH.MI.SS.FF AM'),1113,3335,4,'debit');
Insert into TRANSAC_HIST_TBL (TRANSACTION_ID,TRANSACTION_DATE,CUSTOMER_ID,ITEM_ID,TRANSACTION_AMOUNT,TRANSACTION_TYPE) values (89793,to_timestamp('20/04/15 11.55.31.000000000 PM','DD/MM/RR HH.MI.SS.FF AM'),1113,3331,2,'debit');
Insert into TRANSAC_HIST_TBL (TRANSACTION_ID,TRANSACTION_DATE,CUSTOMER_ID,ITEM_ID,TRANSACTION_AMOUNT,TRANSACTION_TYPE) values (89794,to_timestamp('20/04/14 12.00.00.000000000 AM','DD/MM/RR HH.MI.SS.FF AM'),1111,3332,2,'debit');
Insert into TRANSAC_HIST_TBL (TRANSACTION_ID,TRANSACTION_DATE,CUSTOMER_ID,ITEM_ID,TRANSACTION_AMOUNT,TRANSACTION_TYPE) values (89795,to_timestamp('20/04/14 12.00.00.000000000 AM','DD/MM/RR HH.MI.SS.FF AM'),1111,3336,5,'debit');
Insert into TRANSAC_HIST_TBL (TRANSACTION_ID,TRANSACTION_DATE,CUSTOMER_ID,ITEM_ID,TRANSACTION_AMOUNT,TRANSACTION_TYPE) values (89797,to_timestamp('21/04/15 12.47.37.000000000 AM','DD/MM/RR HH.MI.SS.FF AM'),1111,3332,2,'credit');
Insert into TRANSAC_HIST_TBL (TRANSACTION_ID,TRANSACTION_DATE,CUSTOMER_ID,ITEM_ID,TRANSACTION_AMOUNT,TRANSACTION_TYPE) values (89799,to_timestamp('21/04/15 12.47.37.000000000 AM','DD/MM/RR HH.MI.SS.FF AM'),1111,3336,5,'credit');
Insert into TRANSAC_HIST_TBL (TRANSACTION_ID,TRANSACTION_DATE,CUSTOMER_ID,ITEM_ID,TRANSACTION_AMOUNT,TRANSACTION_TYPE) values (89801,to_timestamp('21/04/15 12.47.39.000000000 AM','DD/MM/RR HH.MI.SS.FF AM'),1113,3334,2,'credit');
Insert into TRANSAC_HIST_TBL (TRANSACTION_ID,TRANSACTION_DATE,CUSTOMER_ID,ITEM_ID,TRANSACTION_AMOUNT,TRANSACTION_TYPE) values (89803,to_timestamp('21/04/15 12.47.39.000000000 AM','DD/MM/RR HH.MI.SS.FF AM'),1113,3335,4,'credit');
Insert into TRANSAC_HIST_TBL (TRANSACTION_ID,TRANSACTION_DATE,CUSTOMER_ID,ITEM_ID,TRANSACTION_AMOUNT,TRANSACTION_TYPE) values (89805,to_timestamp('21/04/15 12.47.39.000000000 AM','DD/MM/RR HH.MI.SS.FF AM'),1113,3331,2,'credit');
Insert into TRANSAC_HIST_TBL (TRANSACTION_ID,TRANSACTION_DATE,CUSTOMER_ID,ITEM_ID,TRANSACTION_AMOUNT,TRANSACTION_TYPE) values (89780,to_timestamp('20/04/15 11.38.53.000000000 PM','DD/MM/RR HH.MI.SS.FF AM'),1113,3336,2,'debit');
Insert into TRANSAC_HIST_TBL (TRANSACTION_ID,TRANSACTION_DATE,CUSTOMER_ID,ITEM_ID,TRANSACTION_AMOUNT,TRANSACTION_TYPE) values (89781,to_timestamp('20/04/15 11.38.53.000000000 PM','DD/MM/RR HH.MI.SS.FF AM'),1113,3331,23,'debit');
Insert into TRANSAC_HIST_TBL (TRANSACTION_ID,TRANSACTION_DATE,CUSTOMER_ID,ITEM_ID,TRANSACTION_AMOUNT,TRANSACTION_TYPE) values (89783,to_timestamp('20/04/15 11.39.23.000000000 PM','DD/MM/RR HH.MI.SS.FF AM'),1113,3336,2,'credit');
Insert into TRANSAC_HIST_TBL (TRANSACTION_ID,TRANSACTION_DATE,CUSTOMER_ID,ITEM_ID,TRANSACTION_AMOUNT,TRANSACTION_TYPE) values (89768,to_timestamp('20/04/15 08.39.00.000000000 AM','DD/MM/RR HH.MI.SS.FF AM'),null,3399,233,'credit');
Insert into TRANSAC_HIST_TBL (TRANSACTION_ID,TRANSACTION_DATE,CUSTOMER_ID,ITEM_ID,TRANSACTION_AMOUNT,TRANSACTION_TYPE) values (89770,to_timestamp('20/04/15 09.29.55.000000000 AM','DD/MM/RR HH.MI.SS.FF AM'),null,3402,60,'credit');

---------------------------------------------------
--   END DATA FOR TABLE TRANSAC_HIST_TBL
---------------------------------------------------

--------------------------------------------------------
--  Constraints for Table LACKING_ITEMS
--------------------------------------------------------

  ALTER TABLE "LACKING_ITEMS" ADD CONSTRAINT "LACKING_PK" PRIMARY KEY ("ITEM_ID", "STOREHOUSE_ID") ENABLE;
  ALTER TABLE "LACKING_ITEMS" ADD CONSTRAINT "LACK_ITEM_AMOUNT_CHK" CHECK (lacking_amount > 0) ENABLE;
  ALTER TABLE "LACKING_ITEMS" MODIFY ("LACKING_AMOUNT" NOT NULL ENABLE);
  ALTER TABLE "LACKING_ITEMS" MODIFY ("STOREHOUSE_ID" NOT NULL ENABLE);
  ALTER TABLE "LACKING_ITEMS" MODIFY ("ITEM_ID" NOT NULL ENABLE);
--------------------------------------------------------
--  Constraints for Table TRANSAC_HIST_TBL
--------------------------------------------------------

  ALTER TABLE "TRANSAC_HIST_TBL" ADD CONSTRAINT "HIST_TBL_PK" PRIMARY KEY ("TRANSACTION_ID") ENABLE;
  ALTER TABLE "TRANSAC_HIST_TBL" ADD CONSTRAINT "HIST_TBL_AM_CHK" CHECK (transaction_amount > 0) ENABLE;
  ALTER TABLE "TRANSAC_HIST_TBL" ADD CONSTRAINT "HIST_TBL_TYPE_CHK" CHECK (transaction_type IN ('debit', 'credit')) ENABLE;
  ALTER TABLE "TRANSAC_HIST_TBL" MODIFY ("TRANSACTION_TYPE" CONSTRAINT "HIST_TB_TR_TYPE_NN" NOT NULL ENABLE);
  ALTER TABLE "TRANSAC_HIST_TBL" MODIFY ("TRANSACTION_AMOUNT" NOT NULL ENABLE);
  ALTER TABLE "TRANSAC_HIST_TBL" MODIFY ("ITEM_ID" NOT NULL ENABLE);
  ALTER TABLE "TRANSAC_HIST_TBL" MODIFY ("TRANSACTION_DATE" NOT NULL ENABLE);
  ALTER TABLE "TRANSAC_HIST_TBL" MODIFY ("TRANSACTION_ID" NOT NULL ENABLE);
--------------------------------------------------------
--  Constraints for Table INVOICE_HEADER
--------------------------------------------------------

  ALTER TABLE "INVOICE_HEADER" ADD CONSTRAINT "ORDER_ID_UNIQUE" UNIQUE ("ORDER_ID") ENABLE;
  ALTER TABLE "INVOICE_HEADER" ADD CONSTRAINT "INVOICE_ID_PK" PRIMARY KEY ("INVOICE_ID") ENABLE;
  ALTER TABLE "INVOICE_HEADER" MODIFY ("CUSTOMER_ID" NOT NULL ENABLE);
  ALTER TABLE "INVOICE_HEADER" MODIFY ("ORDER_DATE" CONSTRAINT "IH_ORDER_DATE_NN" NOT NULL ENABLE);
  ALTER TABLE "INVOICE_HEADER" MODIFY ("ORDER_ID" NOT NULL ENABLE);
  ALTER TABLE "INVOICE_HEADER" MODIFY ("INVOICE_ID" NOT NULL ENABLE);
--------------------------------------------------------
--  Constraints for Table TRANSACTION_STOREHOUSE
--------------------------------------------------------

  ALTER TABLE "TRANSACTION_STOREHOUSE" ADD CONSTRAINT "TRANSACTION_SH_ID_PK" PRIMARY KEY ("TRANSACTION_ID", "STOREHOUSE_ID") ENABLE;
  ALTER TABLE "TRANSACTION_STOREHOUSE" MODIFY ("STOREHOUSE_ID" NOT NULL ENABLE);
  ALTER TABLE "TRANSACTION_STOREHOUSE" MODIFY ("TRANSACTION_ID" NOT NULL ENABLE);
--------------------------------------------------------
--  Constraints for Table CANCELLED_INVOICE_HEADER
--------------------------------------------------------

  ALTER TABLE "CANCELLED_INVOICE_HEADER" ADD CONSTRAINT "CINVH_ORDER_ID_UNIQUE" UNIQUE ("ORDER_ID") ENABLE;
  ALTER TABLE "CANCELLED_INVOICE_HEADER" ADD CONSTRAINT "CINVH_INVOICE_ID_PK" PRIMARY KEY ("INVOICE_ID") ENABLE;
  ALTER TABLE "CANCELLED_INVOICE_HEADER" MODIFY ("CUSTOMER_ID" NOT NULL ENABLE);
  ALTER TABLE "CANCELLED_INVOICE_HEADER" MODIFY ("ORDER_DATE" CONSTRAINT "CINVH_IH_ORDER_DATE_NN" NOT NULL ENABLE);
  ALTER TABLE "CANCELLED_INVOICE_HEADER" MODIFY ("ORDER_ID" NOT NULL ENABLE);
  ALTER TABLE "CANCELLED_INVOICE_HEADER" MODIFY ("INVOICE_ID" NOT NULL ENABLE);
--------------------------------------------------------
--  Constraints for Table STOCK_BALANCE
--------------------------------------------------------

  ALTER TABLE "STOCK_BALANCE" ADD CONSTRAINT "SB_CHK_AMOUNT" CHECK (STOCK_BALANCE_AMOUNT >=0) ENABLE;
  ALTER TABLE "STOCK_BALANCE" ADD CONSTRAINT "ITEMNULL" PRIMARY KEY ("ITEM_ID", "STOREHOUSE_ID") ENABLE;
  ALTER TABLE "STOCK_BALANCE" MODIFY ("STOCK_BALANCE_AMOUNT" NOT NULL ENABLE);
  ALTER TABLE "STOCK_BALANCE" MODIFY ("STOREHOUSE_ID" NOT NULL ENABLE);
  ALTER TABLE "STOCK_BALANCE" MODIFY ("ITEM_ID" NOT NULL ENABLE);
--------------------------------------------------------
--  Constraints for Table STOREHOUSE
--------------------------------------------------------

  ALTER TABLE "STOREHOUSE" ADD CONSTRAINT "SHOUSE_ID_PK" PRIMARY KEY ("STOREHOUSE_ID") ENABLE;
  ALTER TABLE "STOREHOUSE" MODIFY ("STOREHOUSE_ID" NOT NULL ENABLE);
--------------------------------------------------------
--  Constraints for Table TRANSACTION
--------------------------------------------------------

  ALTER TABLE "TRANSACTION" ADD CONSTRAINT "TRANSAC_ID_PK" PRIMARY KEY ("TRANSACTION_ID") ENABLE;
  ALTER TABLE "TRANSACTION" ADD CONSTRAINT "CHECK_TYPE" CHECK (transaction_type IN ('credit', 'debit')) ENABLE;
  ALTER TABLE "TRANSACTION" MODIFY ("TRANSACTION_TYPE" CONSTRAINT "TRANSAC_TYPE_NN" NOT NULL ENABLE);
  ALTER TABLE "TRANSACTION" MODIFY ("TRANSACTION_AMOUNT" NOT NULL ENABLE);
  ALTER TABLE "TRANSACTION" MODIFY ("STOREHOUSE_ID" NOT NULL ENABLE);
  ALTER TABLE "TRANSACTION" MODIFY ("ITEM_ID" NOT NULL ENABLE);
  ALTER TABLE "TRANSACTION" MODIFY ("TRANSACTION_DATE" CONSTRAINT "TRANSAC_DATE_NN" NOT NULL ENABLE);
  ALTER TABLE "TRANSACTION" MODIFY ("TRANSACTION_ID" NOT NULL ENABLE);
--------------------------------------------------------
--  Constraints for Table ORDER_LINE
--------------------------------------------------------

  ALTER TABLE "ORDER_LINE" ADD CONSTRAINT "OL_PK" PRIMARY KEY ("ORDER_ID", "LINE_NUMBER") ENABLE;
  ALTER TABLE "ORDER_LINE" ADD CONSTRAINT "OL_AMOUNT_CHK" CHECK (amount > 0) ENABLE;
  ALTER TABLE "ORDER_LINE" ADD CONSTRAINT "OL_LINE_NUM_CHK" CHECK (line_number > 0) ENABLE;
  ALTER TABLE "ORDER_LINE" MODIFY ("AMOUNT" NOT NULL ENABLE);
  ALTER TABLE "ORDER_LINE" MODIFY ("ITEM_ID" NOT NULL ENABLE);
  ALTER TABLE "ORDER_LINE" MODIFY ("LINE_NUMBER" NOT NULL ENABLE);
  ALTER TABLE "ORDER_LINE" MODIFY ("ORDER_ID" NOT NULL ENABLE);
--------------------------------------------------------
--  Constraints for Table CANCELLED_INVOICE_LINE
--------------------------------------------------------

  ALTER TABLE "CANCELLED_INVOICE_LINE" ADD CONSTRAINT "CINVL_IL_PK" PRIMARY KEY ("INVOICE_ID", "LINE_NUMBER") ENABLE;
  ALTER TABLE "CANCELLED_INVOICE_LINE" MODIFY ("PRICE" NOT NULL ENABLE);
  ALTER TABLE "CANCELLED_INVOICE_LINE" MODIFY ("AMOUNT" NOT NULL ENABLE);
  ALTER TABLE "CANCELLED_INVOICE_LINE" MODIFY ("ITEM_ID" NOT NULL ENABLE);
  ALTER TABLE "CANCELLED_INVOICE_LINE" MODIFY ("LINE_NUMBER" NOT NULL ENABLE);
  ALTER TABLE "CANCELLED_INVOICE_LINE" MODIFY ("INVOICE_ID" NOT NULL ENABLE);
--------------------------------------------------------
--  Constraints for Table ITEM
--------------------------------------------------------

  ALTER TABLE "ITEM" ADD CONSTRAINT "ITEM_ID_PK" PRIMARY KEY ("ITEM_ID") ENABLE;
  ALTER TABLE "ITEM" MODIFY ("DESCRIPTION" NOT NULL ENABLE);
  ALTER TABLE "ITEM" MODIFY ("PRICE" NOT NULL ENABLE);
  ALTER TABLE "ITEM" MODIFY ("ITEM_ID" NOT NULL ENABLE);
--------------------------------------------------------
--  Constraints for Table CUSTOMER
--------------------------------------------------------

  ALTER TABLE "CUSTOMER" ADD CONSTRAINT "CUST_ID_PK" PRIMARY KEY ("CUSTOMER_ID") ENABLE;
  ALTER TABLE "CUSTOMER" MODIFY ("LAST_NAME" NOT NULL ENABLE);
  ALTER TABLE "CUSTOMER" MODIFY ("CUSTOMER_ID" NOT NULL ENABLE);
--------------------------------------------------------
--  Constraints for Table ORDER_HEADER
--------------------------------------------------------

  ALTER TABLE "ORDER_HEADER" ADD CONSTRAINT "OH_ID_PK" PRIMARY KEY ("ORDER_ID") ENABLE;
  ALTER TABLE "ORDER_HEADER" ADD CONSTRAINT "CHECK_STATUS" CHECK (status IN ('closed', 'open')) ENABLE;
  ALTER TABLE "ORDER_HEADER" MODIFY ("STATUS" CONSTRAINT "OH_STATUS_NN" NOT NULL ENABLE);
  ALTER TABLE "ORDER_HEADER" MODIFY ("CUSTOMER_ID" NOT NULL ENABLE);
  ALTER TABLE "ORDER_HEADER" MODIFY ("ORDER_DATE" CONSTRAINT "OH_ORDER_DATE_NN" NOT NULL ENABLE);
  ALTER TABLE "ORDER_HEADER" MODIFY ("ORDER_ID" NOT NULL ENABLE);
--------------------------------------------------------
--  Constraints for Table INVOICE_LINE
--------------------------------------------------------

  ALTER TABLE "INVOICE_LINE" MODIFY ("PRICE" NOT NULL ENABLE);
  ALTER TABLE "INVOICE_LINE" ADD CONSTRAINT "IL_PK" PRIMARY KEY ("INVOICE_ID", "LINE_NUMBER") ENABLE;
  ALTER TABLE "INVOICE_LINE" MODIFY ("AMOUNT" NOT NULL ENABLE);
  ALTER TABLE "INVOICE_LINE" MODIFY ("ITEM_ID" NOT NULL ENABLE);
  ALTER TABLE "INVOICE_LINE" MODIFY ("LINE_NUMBER" NOT NULL ENABLE);
  ALTER TABLE "INVOICE_LINE" MODIFY ("INVOICE_ID" NOT NULL ENABLE);
--------------------------------------------------------
--  DDL for Index ITEM_ID_PK
--------------------------------------------------------

  CREATE UNIQUE INDEX "ITEM_ID_PK" ON "ITEM" ("ITEM_ID") 
  ;
--------------------------------------------------------
--  DDL for Index CUST_ID_PK
--------------------------------------------------------

  CREATE UNIQUE INDEX "CUST_ID_PK" ON "CUSTOMER" ("CUSTOMER_ID") 
  ;
--------------------------------------------------------
--  DDL for Index TRANSAC_ID_PK
--------------------------------------------------------

  CREATE UNIQUE INDEX "TRANSAC_ID_PK" ON "TRANSACTION" ("TRANSACTION_ID") 
  ;
--------------------------------------------------------
--  DDL for Index TRANSACTION_SH_ID_PK
--------------------------------------------------------

  CREATE UNIQUE INDEX "TRANSACTION_SH_ID_PK" ON "TRANSACTION_STOREHOUSE" ("TRANSACTION_ID", "STOREHOUSE_ID") 
  ;
--------------------------------------------------------
--  DDL for Index OH_ID_PK
--------------------------------------------------------

  CREATE UNIQUE INDEX "OH_ID_PK" ON "ORDER_HEADER" ("ORDER_ID") 
  ;
--------------------------------------------------------
--  DDL for Index CINVH_ORDER_ID_UNIQUE
--------------------------------------------------------

  CREATE UNIQUE INDEX "CINVH_ORDER_ID_UNIQUE" ON "CANCELLED_INVOICE_HEADER" ("ORDER_ID") 
  ;
--------------------------------------------------------
--  DDL for Index ITEMNULL
--------------------------------------------------------

  CREATE UNIQUE INDEX "ITEMNULL" ON "STOCK_BALANCE" ("ITEM_ID", "STOREHOUSE_ID") 
  ;
--------------------------------------------------------
--  DDL for Index INVOICE_ID_PK
--------------------------------------------------------

  CREATE UNIQUE INDEX "INVOICE_ID_PK" ON "INVOICE_HEADER" ("INVOICE_ID") 
  ;
--------------------------------------------------------
--  DDL for Index IL_PK
--------------------------------------------------------

  CREATE UNIQUE INDEX "IL_PK" ON "INVOICE_LINE" ("INVOICE_ID", "LINE_NUMBER") 
  ;
--------------------------------------------------------
--  DDL for Index ORDER_ID_UNIQUE
--------------------------------------------------------

  CREATE UNIQUE INDEX "ORDER_ID_UNIQUE" ON "INVOICE_HEADER" ("ORDER_ID") 
  ;
--------------------------------------------------------
--  DDL for Index LACKING_PK
--------------------------------------------------------

  CREATE UNIQUE INDEX "LACKING_PK" ON "LACKING_ITEMS" ("ITEM_ID", "STOREHOUSE_ID") 
  ;
--------------------------------------------------------
--  DDL for Index OL_PK
--------------------------------------------------------

  CREATE UNIQUE INDEX "OL_PK" ON "ORDER_LINE" ("ORDER_ID", "LINE_NUMBER") 
  ;
--------------------------------------------------------
--  DDL for Index HIST_TBL_PK
--------------------------------------------------------

  CREATE UNIQUE INDEX "HIST_TBL_PK" ON "TRANSAC_HIST_TBL" ("TRANSACTION_ID") 
  ;
--------------------------------------------------------
--  DDL for Index CINVH_INVOICE_ID_PK
--------------------------------------------------------

  CREATE UNIQUE INDEX "CINVH_INVOICE_ID_PK" ON "CANCELLED_INVOICE_HEADER" ("INVOICE_ID") 
  ;
--------------------------------------------------------
--  DDL for Index SHOUSE_ID_PK
--------------------------------------------------------

  CREATE UNIQUE INDEX "SHOUSE_ID_PK" ON "STOREHOUSE" ("STOREHOUSE_ID") 
  ;
--------------------------------------------------------
--  DDL for Index CINVL_IL_PK
--------------------------------------------------------

  CREATE UNIQUE INDEX "CINVL_IL_PK" ON "CANCELLED_INVOICE_LINE" ("INVOICE_ID", "LINE_NUMBER") 
  ;
--------------------------------------------------------
--  Ref Constraints for Table CANCELLED_INVOICE_HEADER
--------------------------------------------------------

  ALTER TABLE "CANCELLED_INVOICE_HEADER" ADD CONSTRAINT "CINVH_ORDER_DETAILS_FK" FOREIGN KEY ("ORDER_ID")
	  REFERENCES "ORDER_HEADER" ("ORDER_ID") ENABLE;
--------------------------------------------------------
--  Ref Constraints for Table CANCELLED_INVOICE_LINE
--------------------------------------------------------

  ALTER TABLE "CANCELLED_INVOICE_LINE" ADD CONSTRAINT "CINVL_INV_ID_FK" FOREIGN KEY ("INVOICE_ID")
	  REFERENCES "CANCELLED_INVOICE_HEADER" ("INVOICE_ID") ENABLE;
  ALTER TABLE "CANCELLED_INVOICE_LINE" ADD CONSTRAINT "CINVL_ITEM_ID_FK" FOREIGN KEY ("ITEM_ID")
	  REFERENCES "ITEM" ("ITEM_ID") ENABLE;

--------------------------------------------------------
--  Ref Constraints for Table INVOICE_HEADER
--------------------------------------------------------

  ALTER TABLE "INVOICE_HEADER" ADD CONSTRAINT "ORDER_DETAILS_FK" FOREIGN KEY ("ORDER_ID")
	  REFERENCES "ORDER_HEADER" ("ORDER_ID") ENABLE;
--------------------------------------------------------
--  Ref Constraints for Table INVOICE_LINE
--------------------------------------------------------

  ALTER TABLE "INVOICE_LINE" ADD CONSTRAINT "INV_ID_FK" FOREIGN KEY ("INVOICE_ID")
	  REFERENCES "INVOICE_HEADER" ("INVOICE_ID") ENABLE;
  ALTER TABLE "INVOICE_LINE" ADD CONSTRAINT "ITEM_ID_FK" FOREIGN KEY ("ITEM_ID")
	  REFERENCES "ITEM" ("ITEM_ID") ENABLE;


--------------------------------------------------------
--  Ref Constraints for Table ORDER_HEADER
--------------------------------------------------------

  ALTER TABLE "ORDER_HEADER" ADD CONSTRAINT "OH_CUST_ID_FK" FOREIGN KEY ("CUSTOMER_ID")
	  REFERENCES "CUSTOMER" ("CUSTOMER_ID") ENABLE;
--------------------------------------------------------
--  Ref Constraints for Table ORDER_LINE
--------------------------------------------------------

  ALTER TABLE "ORDER_LINE" ADD CONSTRAINT "OL_ID_FK" FOREIGN KEY ("ORDER_ID")
	  REFERENCES "ORDER_HEADER" ("ORDER_ID") ON DELETE CASCADE ENABLE;
  ALTER TABLE "ORDER_LINE" ADD CONSTRAINT "OL_ITEM_ID_FK" FOREIGN KEY ("ITEM_ID")
	  REFERENCES "ITEM" ("ITEM_ID") ENABLE;
--------------------------------------------------------
--  Ref Constraints for Table STOCK_BALANCE
--------------------------------------------------------

  ALTER TABLE "STOCK_BALANCE" ADD CONSTRAINT "SB_ITEM_ID_FK" FOREIGN KEY ("ITEM_ID")
	  REFERENCES "ITEM" ("ITEM_ID") ENABLE;
  ALTER TABLE "STOCK_BALANCE" ADD CONSTRAINT "SB_SHOUSE_ID_FK" FOREIGN KEY ("STOREHOUSE_ID")
	  REFERENCES "STOREHOUSE" ("STOREHOUSE_ID") ENABLE;

--------------------------------------------------------
--  Ref Constraints for Table TRANSACTION
--------------------------------------------------------

  ALTER TABLE "TRANSACTION" ADD CONSTRAINT "TRANSAC_ITEM_ID_FK" FOREIGN KEY ("ITEM_ID")
	  REFERENCES "ITEM" ("ITEM_ID") ENABLE;
  ALTER TABLE "TRANSACTION" ADD CONSTRAINT "TRANSAC_SH_ID_FK" FOREIGN KEY ("STOREHOUSE_ID")
	  REFERENCES "STOREHOUSE" ("STOREHOUSE_ID") ENABLE;
  ALTER TABLE "TRANSACTION" ADD CONSTRAINT "TR_CUST_ID_FK" FOREIGN KEY ("CUSTOMER_ID")
	  REFERENCES "CUSTOMER" ("CUSTOMER_ID") ENABLE;
--------------------------------------------------------
--  Ref Constraints for Table TRANSACTION_STOREHOUSE
--------------------------------------------------------

  ALTER TABLE "TRANSACTION_STOREHOUSE" ADD CONSTRAINT "STOREHOUSE_ID_FK" FOREIGN KEY ("STOREHOUSE_ID")
	  REFERENCES "STOREHOUSE" ("STOREHOUSE_ID") ENABLE;
  ALTER TABLE "TRANSACTION_STOREHOUSE" ADD CONSTRAINT "TRANSACTION_ID_FK" FOREIGN KEY ("TRANSACTION_ID")
	  REFERENCES "TRANSACTION" ("TRANSACTION_ID") ENABLE;
--------------------------------------------------------
--  Ref Constraints for Table TRANSAC_HIST_TBL
--------------------------------------------------------

  ALTER TABLE "TRANSAC_HIST_TBL" ADD CONSTRAINT "HIST_TBL_CUST_FK" FOREIGN KEY ("CUSTOMER_ID")
	  REFERENCES "CUSTOMER" ("CUSTOMER_ID") ENABLE;
  ALTER TABLE "TRANSAC_HIST_TBL" ADD CONSTRAINT "HIST_TBL_ITEM_FK" FOREIGN KEY ("ITEM_ID")
	  REFERENCES "ITEM" ("ITEM_ID") ENABLE;
--------------------------------------------------------
--  DDL for Trigger ADD_INV_LINE_TO_CANCELLED_INV
--------------------------------------------------------

  CREATE OR REPLACE TRIGGER "ADD_INV_LINE_TO_CANCELLED_INV" 
BEFORE INSERT ON cancelled_invoice_header
for each row

DECLARE
  impossible_to_insert EXCEPTION;
  order_status order_header.status%type;
BEGIN 
  
  select status into order_status
  from order_header
  where order_header.order_id = :new.order_id;

  if(order_status = 'open') then
      raise impossible_to_insert;
   end if;

--User-defined exceptions
EXCEPTION
   when impossible_to_insert then
       raise_application_error (-20230, 'It is impossible to insert invoice lines to open order!');
   when others then
       raise_application_error (-20002, 'Error.');
END;
/
ALTER TRIGGER "ADD_INV_LINE_TO_CANCELLED_INV" ENABLE;
--------------------------------------------------------
--  DDL for Trigger ADD_ITEM_TO_CLOSED_ORDER
--------------------------------------------------------

  CREATE OR REPLACE TRIGGER "ADD_ITEM_TO_CLOSED_ORDER" 
BEFORE INSERT ON order_line
for each row

DECLARE
  impossible_to_insert EXCEPTION;
  order_status order_header.status%type;
BEGIN 
  
  select status into order_status
  from order_header
  where order_header.order_id = :new.order_id;

  if(order_status = 'closed') then
      raise impossible_to_insert;
   end if;

--User-defined exceptions
EXCEPTION
   when impossible_to_insert then
       raise_application_error (-20230, 'It is impossible to insert items to closed order!');
   when others then
       raise_application_error (-20002, 'Error.');
END;
/
ALTER TRIGGER "ADD_ITEM_TO_CLOSED_ORDER" ENABLE;
--------------------------------------------------------
--  DDL for Trigger ADD_ORDER_LINE
--------------------------------------------------------

  CREATE OR REPLACE TRIGGER "ADD_ORDER_LINE" 
BEFORE INSERT ON order_line
FOR EACH ROW
DECLARE
   max_line_num order_line.line_number%type;
BEGIN
  select nvl(max(line_number),0) into max_line_num
  from order_line 
  where order_line.order_id = :new.order_id;
  
  :new.line_number := max_line_num+1;
 
EXCEPTION 
   when NO_DATA_FOUND then
       raise_application_error (-20053, 'Not enough amount!');
   when others then
       raise_application_error (-20002, 'Error!.'); 

END;
/
ALTER TRIGGER "ADD_ORDER_LINE" ENABLE;
--------------------------------------------------------
--  DDL for Trigger CANCELLED_INV_DEL
--------------------------------------------------------

  CREATE OR REPLACE TRIGGER "CANCELLED_INV_DEL" 
BEFORE UPDATE OR DELETE
ON cancelled_invoice_line
for each row
-- with this trigger, it is impossible to update/delete cancelled invoice lines..and therefore also headers
DECLARE
  impossible_to_delete EXCEPTION;
  impossible_to_update EXCEPTION;
BEGIN 
   if DELETING then
      raise impossible_to_delete;
      
   elsif UPDATING then
      raise impossible_to_update;
   end if;

--User-defined exceptions
EXCEPTION
   when impossible_to_update then
       raise_application_error (-20230, 'It is impossible to update Cancelled Invoice!');
   when impossible_to_delete then
       raise_application_error (-20231, 'It is impossible to delete Cancelled Invoice!');
   when others then
       raise_application_error (-20002, 'Error.');
END;
/
ALTER TRIGGER "CANCELLED_INV_DEL" ENABLE;
--------------------------------------------------------
--  DDL for Trigger CANCELLED_INV_LINE_INSERT_TRG
--------------------------------------------------------

  CREATE OR REPLACE TRIGGER "CANCELLED_INV_LINE_INSERT_TRG" 
AFTER INSERT ON cancelled_invoice_line
FOR EACH ROW
DECLARE
   
   store_house_id_to_insert    stock_balance.storehouse_id%type;
   date_to_find                invoice_header.order_date%type;
   customer_to_find            invoice_header.customer_id%type;
   
   storehouses_cursor sys_refcursor;
   amount_to_take     invoice_line.amount%type;
   amount_taken       invoice_line.amount%type;
   sh_id        stock_balance.storehouse_id%type;
   amount_in_sh stock_balance.stock_balance_amount%type;
BEGIN
-- item returned, update transactions and storehouses
      --get storehouse to add to 
        store_house_id_to_insert := get_storehouse_with_min_items(:NEW.item_id);
        --update storehouse
        --order_item_to_stock(:NEW.item_id,:NEW.amount,store_house_id_to_insert );
        --update transactions
        select customer_id into customer_to_find  from cancelled_invoice_header where :NEW.invoice_id = invoice_id;
        insert into transaction
        values (SEQ_TRANSACTION_ID.nextval, sysdate, :NEW.item_id,store_house_id_to_insert,:NEW.amount, 'credit',customer_to_find);

EXCEPTION 
   when NO_DATA_FOUND then
       raise_application_error (-20053, 'Not enough amount!');
   when others then
       raise_application_error (-20002, 'Error!!!!!!!!!!!.'); 

END;
/
ALTER TRIGGER "CANCELLED_INV_LINE_INSERT_TRG" ENABLE;
--------------------------------------------------------
--  DDL for Trigger CHECK_STOCK_BALANCE_AMOUNT_TRG
--------------------------------------------------------

  CREATE OR REPLACE TRIGGER "CHECK_STOCK_BALANCE_AMOUNT_TRG" 
AFTER INSERT OR UPDATE OF stock_balance_amount ON stock_balance
FOR EACH ROW
DECLARE
   min_stockbalance_amount number := 10;
   tmp number;
BEGIN
      
    if (:NEW.stock_balance_amount < min_stockbalance_amount) then
    
    select count(*) into tmp
    from lacking_items where item_id = :NEW.item_id and storehouse_id = :NEW.storehouse_id;
    
    if(tmp = 0) then
    -- amount is lower then minimum required
          insert into lacking_items
          values (:NEW.item_id, :NEW.storehouse_id, min_stockbalance_amount - :NEW.stock_balance_amount);
    else
      update lacking_items
      set lacking_amount = min_stockbalance_amount - :NEW.stock_balance_amount
      where item_id = :NEW.item_id and storehouse_id = :NEW.storehouse_id;
    end if;
    else -- there are more items then minimum required
    -- see if the item is in the lacking table
          select count(*)  into tmp
          from lacking_items where item_id = :NEW.item_id and storehouse_id = :NEW.storehouse_id;
          -- if it is in the lacking table means we need to delete it from there
          if(tmp > 0) then
            DELETE from lacking_items WHERE item_id = :NEW.item_id and storehouse_id = :NEW.storehouse_id;
          end if;
          
    end if;
   
    
END;
/
ALTER TRIGGER "CHECK_STOCK_BALANCE_AMOUNT_TRG" ENABLE;
--------------------------------------------------------
--  DDL for Trigger CLOSED_ORDER_CHANGE_CUST
--------------------------------------------------------

  CREATE OR REPLACE TRIGGER "CLOSED_ORDER_CHANGE_CUST" 
BEFORE DELETE OR UPDATE
OF customer_id ON order_header 
for each row
 WHEN (old.status = 'closed') DECLARE
  impossible_to_delete EXCEPTION;
  impossible_to_update EXCEPTION;
BEGIN 
   if DELETING then
      raise impossible_to_delete; 
   
   elsif UPDATING then
      raise impossible_to_update;
   end if;

--User-defined exceptions
EXCEPTION
   when impossible_to_update then
       raise_application_error (-20230, 'It is impossible to update customer of closed order!');
   when impossible_to_delete then
       raise_application_error (-20231, 'It is impossible to delete a closed order!');
   when others then
       raise_application_error (-20002, 'Error.');
END;
/
ALTER TRIGGER "CLOSED_ORDER_CHANGE_CUST" ENABLE;
--------------------------------------------------------
--  DDL for Trigger CLOSED_ORDER_HEADER_DEL_UPD
--------------------------------------------------------

  CREATE OR REPLACE TRIGGER "CLOSED_ORDER_HEADER_DEL_UPD" 
BEFORE DELETE OR UPDATE
ON order_header
for each row

DECLARE
  impossible_to_delete EXCEPTION;
  impossible_to_update EXCEPTION;
BEGIN 

   if (:old.status = 'closed') then
      if DELETING then
         raise impossible_to_delete;
      elsif UPDATING then
        raise impossible_to_update;
      end if;
   end if;
      
--User-defined exceptions
EXCEPTION
   when impossible_to_update then
       raise_application_error (-20230, 'It is impossible to update closed orders!');
   when impossible_to_delete then
       raise_application_error (-20231, 'It is impossible to delete closed orders!');
   when others then
       raise_application_error (-20002, 'Error.');
END;
/
ALTER TRIGGER "CLOSED_ORDER_HEADER_DEL_UPD" ENABLE;
--------------------------------------------------------
--  DDL for Trigger CLOSED_ORDER_LINE_DEL
--------------------------------------------------------

  CREATE OR REPLACE TRIGGER "CLOSED_ORDER_LINE_DEL" 
BEFORE DELETE OR UPDATE
ON order_line
for each row

DECLARE
  impossible_to_delete EXCEPTION;
  impossible_to_update EXCEPTION;
  check_status varchar2(6);
BEGIN 
   select status into check_status
   from order_header
   where order_id = :old.order_id;
       
   if (check_status = 'closed') then
      if DELETING then
         raise impossible_to_delete;
      elsif UPDATING then
        raise impossible_to_update;
      end if;
   end if;
      
--User-defined exceptions
EXCEPTION
   when impossible_to_update then
       raise_application_error (-20230, 'It is impossible to update closed orders!');
   when impossible_to_delete then
       raise_application_error (-20231, 'It is impossible to delete closed orders!');
   when others then
       raise_application_error (-20002, 'Error.');
END;
/
ALTER TRIGGER "CLOSED_ORDER_LINE_DEL" ENABLE;
--------------------------------------------------------
--  DDL for Trigger CREATE_INVOICE_ID_TRG
--------------------------------------------------------

  CREATE OR REPLACE TRIGGER "CREATE_INVOICE_ID_TRG" 
BEFORE INSERT ON invoice_header
FOR EACH ROW
BEGIN

   select SEQ_INVH_INV_ID.nextval 
   into :NEW.INVOICE_ID
   from dual;
   
END;
/
ALTER TRIGGER "CREATE_INVOICE_ID_TRG" ENABLE;
--------------------------------------------------------
--  DDL for Trigger CREATE_ITEM_ID_TRG
--------------------------------------------------------

  CREATE OR REPLACE TRIGGER "CREATE_ITEM_ID_TRG" 
BEFORE INSERT ON item
FOR EACH ROW
BEGIN

   select SEQ_ITEM_ITEM_ID.nextval 
   into :NEW.ITEM_ID 
   from dual;
   
END;
/
ALTER TRIGGER "CREATE_ITEM_ID_TRG" ENABLE;
--------------------------------------------------------
--  DDL for Trigger CREATE_ORDER_ID_TRG
--------------------------------------------------------

  CREATE OR REPLACE TRIGGER "CREATE_ORDER_ID_TRG" 
BEFORE INSERT ON order_header
FOR EACH ROW
BEGIN

   select SEQ_ORDERHEADER_ORDER_ID.nextval 
   into :NEW.ORDER_ID
   from dual;
   
END;
/
ALTER TRIGGER "CREATE_ORDER_ID_TRG" ENABLE;
--------------------------------------------------------
--  DDL for Trigger CREATE_STOREHOUSE_ID_TRG
--------------------------------------------------------

  CREATE OR REPLACE TRIGGER "CREATE_STOREHOUSE_ID_TRG" 
BEFORE INSERT ON STOREHOUSE
FOR EACH ROW
BEGIN

   select SEQ_SH_STOREHOUSE_ID.nextval 
   into :NEW.STOREHOUSE_ID 
   from dual;
   
END;
/
ALTER TRIGGER "CREATE_STOREHOUSE_ID_TRG" ENABLE;
--------------------------------------------------------
--  DDL for Trigger CREATE_TRANSAC_ID_TRG
--------------------------------------------------------

  CREATE OR REPLACE TRIGGER "CREATE_TRANSAC_ID_TRG" 
BEFORE INSERT ON transaction
FOR EACH ROW
BEGIN

   select SEQ_TRANSACTION_ID.nextval 
   into :NEW.TRANSACTION_ID
   from dual;
   
END;
/
ALTER TRIGGER "CREATE_TRANSAC_ID_TRG" ENABLE;
--------------------------------------------------------
--  DDL for Trigger CUSTOMER_CASCADE_UPDATES_TRG
--------------------------------------------------------

  CREATE OR REPLACE TRIGGER "CUSTOMER_CASCADE_UPDATES_TRG" 
AFTER UPDATE OF customer_id ON customer
FOR EACH ROW
BEGIN
   -- if customer_id changed, make the same change in order_header table
   update order_header 
   set    order_header.customer_id = :new.customer_id
   where  order_header.customer_id = :old.customer_id;
   -- if customer_id changed, make the same change in invoice_header table
   update invoice_header 
   set    invoice_header.customer_id = :new.customer_id
   where  invoice_header.customer_id = :old.customer_id;
   
END;
/
ALTER TRIGGER "CUSTOMER_CASCADE_UPDATES_TRG" ENABLE;
--------------------------------------------------------
--  DDL for Trigger DELETE_ORDER_LINE_TRG
--------------------------------------------------------

  CREATE OR REPLACE TRIGGER "DELETE_ORDER_LINE_TRG" 
AFTER DELETE
ON order_line
DECLARE
   CURSOR crs IS select oh.order_id
                 from order_line ol,order_header oh 
                 where oh.order_id = ol.order_id(+)
                 and ol.order_id is null;
   tmp order_header.order_id%type;
BEGIN

   open crs;
   loop
      FETCH crs into tmp;
      EXIT when crs%NOTFOUND;
      delete 
      from order_header where order_id = tmp;
   end loop;
   close crs;
END;
/
ALTER TRIGGER "DELETE_ORDER_LINE_TRG" ENABLE;
--------------------------------------------------------
--  DDL for Trigger INSERT_CLOSED_ORDER
--------------------------------------------------------

  CREATE OR REPLACE TRIGGER "INSERT_CLOSED_ORDER" 
BEFORE INSERT ON order_header
FOR EACH ROW
 WHEN (new.status = 'closed') DECLARE
    impossible_to_insert EXCEPTION;
BEGIN
    raise impossible_to_insert;
 
EXCEPTION 
   when impossible_to_insert then
       raise_application_error (-20053, 'You cannot create an order with closed status');
   when others then
       raise_application_error (-20002, 'Error!.'); 
END;
/
ALTER TRIGGER "INSERT_CLOSED_ORDER" ENABLE;
--------------------------------------------------------
--  DDL for Trigger INVOICE_HEADER_INSERT
--------------------------------------------------------

  CREATE OR REPLACE TRIGGER "INVOICE_HEADER_INSERT" 
AFTER INSERT ON invoice_header
FOR EACH ROW
DECLARE 
  is_open      order_header.status%type;
BEGIN
  
  select status into is_open
  from order_header
  where :NEW.order_id = order_id;
  
  if ( is_open = 'open') then
   close_order(:NEW.order_id);
   end if;
END;
/
ALTER TRIGGER "INVOICE_HEADER_INSERT" ENABLE;
--------------------------------------------------------
--  DDL for Trigger INVOICE_LINE_DEL
--------------------------------------------------------

  CREATE OR REPLACE TRIGGER "INVOICE_LINE_DEL" 
BEFORE UPDATE OR DELETE
ON invoice_line
for each row
-- with this trigger, it is impossible to update/delete invoice lines..and therefore also headers
DECLARE
  impossible_to_delete EXCEPTION;
  impossible_to_update EXCEPTION;
  checkdel number;
BEGIN 
   if DELETING then
   
   select count(*) into checkdel 
   from cancelled_invoice_header
   where invoice_id = :old.invoice_id;
   
   if(checkdel = 0) then
      raise impossible_to_delete;
   end if;
      
   elsif UPDATING then
      raise impossible_to_update;
   end if;

--User-defined exceptions
EXCEPTION
   when impossible_to_update then
       raise_application_error (-20238, 'It is impossible to update Invoice!');
   when impossible_to_delete then
       raise_application_error (-20239, 'It is impossible to delete Invoice!');
   when others then
       raise_application_error (-20002, 'Error.');
END;
/
ALTER TRIGGER "INVOICE_LINE_DEL" ENABLE;
--------------------------------------------------------
--  DDL for Trigger INV_LINE_INSERT_TRG
--------------------------------------------------------

  CREATE OR REPLACE TRIGGER "INV_LINE_INSERT_TRG" 
AFTER INSERT ON invoice_line
FOR EACH ROW
DECLARE
   
   store_house_id_to_insert    stock_balance.storehouse_id%type;
   date_to_find                invoice_header.order_date%type;
   customer_to_find            invoice_header.customer_id%type;
   
   storehouses_cursor sys_refcursor;
   amount_to_take     invoice_line.amount%type;
   amount_taken       invoice_line.amount%type;
   sh_id        stock_balance.storehouse_id%type;
   amount_in_sh stock_balance.stock_balance_amount%type;
BEGIN

  -- item bought, update transactions and storehouses
  
          -- get amount needed
          amount_to_take := :NEW.amount;
          -- get cursor with all the storehouses containing the item and the amount they have
          storehouses_cursor := get_store_houses_with_item(:NEW.item_id);  
        -- get date of transaction and who is the customer
           select order_date, customer_id into date_to_find, customer_to_find
           from invoice_header
           where :NEW.invoice_id = invoice_id;
        
            LOOP
              FETCH storehouses_cursor into sh_id, amount_in_sh ;
              
               EXIT when storehouses_cursor%NOTFOUND;
               --DBMS_OUTPUT.PUT_LINE('sh='||sh_id||' amount='||amount_in_sh||' take='||amount_to_take);
               --no more items to take from the storehouses
               if(amount_to_take = 0) then
                      exit;
               end if;
               
               -- have enough items in the specific storehouse
              if(amount_in_sh >= amount_to_take) then
              amount_taken := amount_to_take;
                   insert into TRANSACTION (TRANSACTION_DATE, ITEM_ID, STOREHOUSE_ID, TRANSACTION_AMOUNT, TRANSACTION_TYPE, CUSTOMER_ID)
                  values (date_to_find, :NEW.item_id, sh_id, amount_taken, 'debit', customer_to_find);
                  exit;
                -- need to take only partial amount from specific storehouse
              else
                    amount_taken := amount_in_sh;
                    amount_to_take := amount_to_take - amount_in_sh;
                    --DBMS_OUTPUT.PUT_LINE('sh='||sh_id||' amount_taken='||amount_taken||' need_more='||amount_to_take);
                     insert into TRANSACTION (TRANSACTION_DATE, ITEM_ID, STOREHOUSE_ID, TRANSACTION_AMOUNT, TRANSACTION_TYPE, CUSTOMER_ID)
                     values (date_to_find, :NEW.item_id, sh_id, amount_taken, 'debit', customer_to_find);
              end if;
              

            
              
          END LOOP;
           CLOSE storehouses_cursor;
 
EXCEPTION 
   when NO_DATA_FOUND then
       raise_application_error (-20053, 'Not enough amount!');
   when others then
       raise_application_error (-20002, 'Error!.'); 

END;
/
ALTER TRIGGER "INV_LINE_INSERT_TRG" ENABLE;
--------------------------------------------------------
--  DDL for Trigger ORDER_HEADER_CLOSED_ORD
--------------------------------------------------------

  CREATE OR REPLACE TRIGGER "ORDER_HEADER_CLOSED_ORD" 
BEFORE UPDATE
OF status ON order_header
for each row
 WHEN (old.status = 'closed') DECLARE
  impossible_to_update EXCEPTION;
BEGIN 
  if(:new.status = 'open') then
    raise impossible_to_update;
  end if;
--User-defined exceptions
EXCEPTION
   when impossible_to_update then
       raise_application_error (-20230, 'It is impossible to change status from closed to open!');
   when others then
       raise_application_error (-20002, 'Error.');
END;
/
ALTER TRIGGER "ORDER_HEADER_CLOSED_ORD" ENABLE;
--------------------------------------------------------
--  DDL for Trigger TRANSAC_HIST_TBL_TRG
--------------------------------------------------------

  CREATE OR REPLACE TRIGGER "TRANSAC_HIST_TBL_TRG" 
BEFORE DELETE OR UPDATE
ON transac_hist_tbl

DECLARE
  impossible_to_delete EXCEPTION;
  impossible_to_update EXCEPTION;
BEGIN 
   if DELETING then
      raise impossible_to_delete;
   
   elsif UPDATING then
      raise impossible_to_update;
   end if;

--User-defined exceptions
EXCEPTION
   when impossible_to_update then
       raise_application_error (-20230, 'It is impossible to update entries in Transaction History Table!');
   when impossible_to_delete then
       raise_application_error (-20231, 'It is impossible to delete entries from Transaction History Table!');
   when others then
       raise_application_error (-20002, 'Error.');
END;
/
ALTER TRIGGER "TRANSAC_HIST_TBL_TRG" ENABLE;
--------------------------------------------------------
--  DDL for Trigger TRANSAC_HIST_VIEW_TRG
--------------------------------------------------------

  CREATE OR REPLACE TRIGGER "TRANSAC_HIST_VIEW_TRG" INSTEAD OF
  INSERT OR
  UPDATE OR
  DELETE
    ON transac_hist_view FOR EACH ROW
    DECLARE 
    impossible_to_delete    EXCEPTION;
    impossible_to_update    EXCEPTION;
BEGIN
  IF INSERTING THEN
    INSERT
    INTO
      transac_hist_tbl VALUES
      (
        :NEW.transaction_id,
        :NEW.transaction_date,
        :NEW.customer_id,
        :NEW.item_id,
        :NEW.transaction_amount,
        :NEW.transaction_type
      );
  elsif DELETING THEN
    raise impossible_to_delete;
  elsif UPDATING THEN
    raise impossible_to_update;
  END IF;
  --User-defined exceptions

EXCEPTION
WHEN impossible_to_update THEN
  raise_application_error
  (
    -20230, 'It is impossible to update entries in Transaction History View!'
  )
  ;
WHEN impossible_to_delete THEN
  raise_application_error
  (
    -20231, 'It is impossible to delete entries from Transaction History View!'
  )
  ;
WHEN OTHERS THEN
  raise_application_error
  (
    -20002, 'Error.'
  );
  
END;
/
ALTER TRIGGER "TRANSAC_HIST_VIEW_TRG" ENABLE;
--------------------------------------------------------
--  DDL for Trigger TRANSAC_INSERT_TRG
--------------------------------------------------------

  CREATE OR REPLACE TRIGGER "TRANSAC_INSERT_TRG" 
AFTER INSERT
ON transaction
FOR EACH ROW
--DECLARE
BEGIN
      insert into transaction_storehouse
      values(:NEW.transaction_id, :NEW.storehouse_id);
END;
/
ALTER TRIGGER "TRANSAC_INSERT_TRG" ENABLE;
--------------------------------------------------------
--  DDL for Trigger TRANSAC_TBL_TRG
--------------------------------------------------------

  CREATE OR REPLACE TRIGGER "TRANSAC_TBL_TRG" 
AFTER DELETE
ON transaction
FOR EACH ROW
DECLARE
 last_name_to_find      customer.last_name%type;
 description_to_find      item.description%type;
BEGIN
  
  if(:OLD.customer_id is null) then
  last_name_to_find := 'Supplier';
  else
  -- find the relevant last_name
  select last_name into last_name_to_find
  from customer
  where customer_id = :OLD.customer_id;
   end if;
  
  -- find the relevant item description
  select description into description_to_find
  from item
  where item.item_id = :OLD.item_id;

  insert into transac_hist_view
  values 
  (:OLD.transaction_id, :OLD.transaction_date, :OLD.customer_id, last_name_to_find, :OLD.item_id, description_to_find, :OLD.transaction_amount, :OLD.transaction_type);

END;
/
ALTER TRIGGER "TRANSAC_TBL_TRG" ENABLE;
--------------------------------------------------------
--  DDL for Trigger UPDATE_STOCK_BALANCE_TRG
--------------------------------------------------------

  CREATE OR REPLACE TRIGGER "UPDATE_STOCK_BALANCE_TRG" 
  AFTER INSERT ON transaction
  FOR EACH ROW
DECLARE
  new_amount    stock_balance.stock_balance_amount%type;
BEGIN
   -- after making a transaction, update the stock balance amount of an item
   if(:NEW.transaction_type = 'debit') then
      new_amount := -1*:NEW.transaction_amount;       
    else
    new_amount := :NEW.transaction_amount;    
    end if;
    
    update stock_balance
     set stock_balance_amount = stock_balance_amount + new_amount
     where item_id = :NEW.item_id AND storehouse_id = :NEW.storehouse_id;
           
END;
/
ALTER TRIGGER "UPDATE_STOCK_BALANCE_TRG" ENABLE;
--------------------------------------------------------
--  DDL for View CLOSED_ORDERS_BY_DATES_VIEW
--------------------------------------------------------

  CREATE OR REPLACE VIEW "CLOSED_ORDERS_BY_DATES_VIEW" ("ORDER_ID", "ORDER_DATE", "ITEM_ID", "DESCRIPTION", "AMOUNT") AS 
  SELECT ol.order_id,
    oh1.order_date,
    item.item_id,
    item.description,
    ol.amount
  FROM item,
    order_line ol,
    order_header oh1
  WHERE item.item_id = ol.item_id
  AND ol.order_id   IN
    (SELECT oh2.order_id FROM order_header oh2 WHERE oh2.order_id = oh1.order_id AND oh2.status = 'closed'
    );
--------------------------------------------------------
--  DDL for View LACKING_ITEMS_VIEW
--------------------------------------------------------

  CREATE OR REPLACE VIEW "LACKING_ITEMS_VIEW" ("SH_ID", "SH_NAME", "ITEM_ID", "DESCRIPTION", "LACKING_AMOUNT") AS 
  SELECT li.storehouse_id sh_id, sh.storehouse_name sh_name, li.item_id item_id, it.description description, li.lacking_amount lacking_amount
FROM lacking_items li, item it, storehouse sh
where li.storehouse_id = sh.storehouse_id and it.item_id = li.item_id;
--------------------------------------------------------
--  DDL for View OPEN_ORDERS_BY_DATES_VIEW
--------------------------------------------------------

  CREATE OR REPLACE VIEW "OPEN_ORDERS_BY_DATES_VIEW" ("ORDER_ID", "ORDER_DATE", "ITEM_ID", "DESCRIPTION", "AMOUNT") AS 
  SELECT ol.order_id,
    oh1.order_date,
    item.item_id,
    item.description,
    ol.amount
  FROM item,
    order_line ol,
    order_header oh1
  WHERE item.item_id = ol.item_id
  AND ol.order_id   IN
    (SELECT oh2.order_id FROM order_header oh2 WHERE oh2.order_id = oh1.order_id AND oh2.status = 'open'
    );
--------------------------------------------------------
--  DDL for View ORDERS_DETAILS_DECODE_VIEW
--------------------------------------------------------

  CREATE OR REPLACE VIEW "ORDERS_DETAILS_DECODE_VIEW" ("CUSTOMER_ID", "FIRST_NAME", "LAST_NAME", "STATUS", "ORDER_ID", "ORDER_DATE", "ITEM_ID", "AMOUNT") AS 
  select cust.customer_id, cust.first_name, cust.last_name, decode(oh.status, 'open', 'Open Order', 'Closed Order') status,
oh.order_id, oh.order_date, ol.item_id, ol.amount
from order_header oh, order_line ol, customer cust
where cust.customer_id = oh.customer_id AND oh.order_id = ol.order_id
order by status, oh.order_date asc;
--------------------------------------------------------
--  DDL for View SB_TOTAL_AMOUNTS_VIEW
--------------------------------------------------------

  CREATE OR REPLACE VIEW "SB_TOTAL_AMOUNTS_VIEW" ("ITEM_ID", "DESCRIPTION", "TOTAL_AMOUNT") AS 
  SELECT it.item_id, it.description, nvl(SUM(sb.stock_balance_amount),0) total_amount
FROM stock_balance sb, item it
WHERE it.item_id = sb.item_id(+)
GROUP BY it.item_id, it.description
ORDER BY it.item_id ASC;
--------------------------------------------------------
--  DDL for View SOLD_ITEMS_REPORT
--------------------------------------------------------

  CREATE OR REPLACE VIEW "SOLD_ITEMS_REPORT" ("ORDER_ID", "ORDER_DATE", "ITEM_ID", "DESCRIPTION", "AMOUNT") AS 
  SELECT ol.order_id order_id, oh.order_date order_date, ol.item_id item_id, i.description description, ol.amount amount
  FROM order_header oh, order_line ol, item i
  where i.item_id = ol.item_id and oh.order_id = ol.order_id;
--------------------------------------------------------
--  DDL for View STOCK_BALANCE_VIEW
--------------------------------------------------------

  CREATE OR REPLACE VIEW "STOCK_BALANCE_VIEW" ("STOREHOUSE_ID", "STOREHOUSE_NAME", "ITEM_ID", "DESCRIPTION", "STOCK_BALANCE_AMOUNT") AS 
  select sb.storehouse_id, sh.storehouse_name, sb.item_id, item.description, sb.stock_balance_amount
from stock_balance sb, item, storehouse sh
where sb.item_id = item.item_id AND sh.storehouse_id = sb.storehouse_id
order by sb.storehouse_id;
--------------------------------------------------------
--  DDL for View STOREHOUSES_BALANCE_VIEW
--------------------------------------------------------

  CREATE OR REPLACE VIEW "STOREHOUSES_BALANCE_VIEW" ("STOREHOUSE_ID", "STOREHOUSE_NAME", "TOTAL_AMOUNT") AS 
  select sh.storehouse_id, nvl(sh.storehouse_name, 'Has no name') storehouse_name, sum(sb.stock_balance_amount) total_amount
from storehouse sh, stock_balance sb
where sh.storehouse_id = sb.storehouse_id
group by sh.storehouse_id, nvl(sh.storehouse_name, 'Has no name')
order by sh.storehouse_id asc;
--------------------------------------------------------
--  DDL for View STOREHOUSES_STOCK_BALANCE_VIEW
--------------------------------------------------------

  CREATE OR REPLACE VIEW "STOREHOUSES_STOCK_BALANCE_VIEW" ("STOREHOUSE_ID", "STOREHOUSE_NAME", "ITEM_ID", "DESCRIPTION", "STOCK_BALANCE_AMOUNT") AS 
  select sb.storehouse_id, NVL(sh.storehouse_name, 'Has no name') storehouse_name, sb.item_id, item.description, sb.stock_balance_amount
from stock_balance sb, item, storehouse sh
where sb.item_id = item.item_id AND sh.storehouse_id = sb.storehouse_id
order by sb.storehouse_id;
--------------------------------------------------------
--  DDL for View TOTAL_AMOUNTS_FOR_ITEMS_VIEW
--------------------------------------------------------

  CREATE OR REPLACE VIEW "TOTAL_AMOUNTS_FOR_ITEMS_VIEW" ("ITEM_ID", "DESCRIPTION", "TOTAL_AMOUNT") AS 
  select sb.item_id, item.description, sum(sb.stock_balance_amount) total_amount
from item, storehouse sh, stock_balance sb
where item.item_id = sb.item_id AND sh.storehouse_id = sb.storehouse_id
group by sb.item_id, item.description
order by sb.item_id;
--------------------------------------------------------
--  DDL for View TOTAL_ORDER_AMOUNTS_VIEW
--------------------------------------------------------

  CREATE OR REPLACE VIEW "TOTAL_ORDER_AMOUNTS_VIEW" ("CUSTOMER_ID", "FIRST_NAME", "LAST_NAME", "TOTAL_ORDERS") AS 
  select cust.customer_id, cust.first_name, cust.last_name, count(oh.order_id) total_orders
from customer cust, order_header oh
where cust.customer_id = oh.customer_id(+)
group by cust.customer_id, cust.first_name, cust.last_name
order by total_orders desc;
--------------------------------------------------------
--  DDL for View TRANSACTIONS_VIEW
--------------------------------------------------------

  CREATE OR REPLACE VIEW "TRANSACTIONS_VIEW" ("TRANSACTION_ID", "TRANSACTION_DATE", "ITEM_ID", "TRANSACTION_AMOUNT", "TRANSACTION_TYPE", "CUSTOMER_ID", "PERFORMED") AS 
  SELECT transaction_id transaction_id,
    transaction_date transaction_date,
    item_id item_id,
    transaction_amount transaction_amount,
    transaction_type transaction_type,
    customer_id customer_id,
    get_name_of_cust_suppl(customer_id) performed
  FROM transaction;
--------------------------------------------------------
--  DDL for View TRANSAC_HIST_VIEW
--------------------------------------------------------

  CREATE OR REPLACE VIEW "TRANSAC_HIST_VIEW" ("TRANSACTION_ID", "TRANSACTION_DATE", "CUSTOMER_ID", "LAST_NAME", "ITEM_ID", "DESCRIPTION", "TRANSACTION_AMOUNT", "TRANSACTION_TYPE") AS 
  select tr.transaction_id, tr.transaction_date, tr.customer_id, cust.last_name, tr.item_id, it.description, tr.transaction_amount, tr.transaction_type
from transac_hist_tbl tr, customer cust, item it
where tr.customer_id = cust.customer_id AND tr.item_id = it.item_id
order by tr.transaction_id desc;
--------------------------------------------------------
--  DDL for Function EARLIEST_OR_LAST_YEAR_OF_ORDER
--------------------------------------------------------

  CREATE OR REPLACE FUNCTION "EARLIEST_OR_LAST_YEAR_OF_ORDER" (year_type IN varchar, st IN varchar) 
RETURN number
AS
   res number(4) := 0;
   wrong_type_ex EXCEPTION;
   wrong_status_ex EXCEPTION;
BEGIN
    if (year_type <> 'min' AND year_type <> 'max') then
        raise wrong_type_ex;
    end if;
    
    if (st <> 'open' AND st <> 'closed') then
        raise wrong_status_ex;
    end if;    
    
    if (year_type = 'min') then
        select to_number(to_char(MIN(order_date),'YYYY')) into res
        from order_header
        where order_header.status = st;
    else
        select to_number(to_char(MAX(order_date),'YYYY')) into res
        from order_header
        where order_header.status = st;
    end if;
   RETURN res;
EXCEPTION
    when wrong_type_ex then
      raise_application_error (-20010,'Type must be min or max!');
    when wrong_status_ex then
      raise_application_error (-20011,'Status must be open or closed!');
    when others then
      raise_application_error (-20012,'Error.');
END;

/

--------------------------------------------------------
--  DDL for Function EARLIEST_OR_LAST_YEAR_OF_TR
--------------------------------------------------------

  CREATE OR REPLACE FUNCTION "EARLIEST_OR_LAST_YEAR_OF_TR" (year_type IN varchar) 
RETURN number
AS
   res number(4) := 0;
   wrong_type_ex EXCEPTION;
BEGIN
    if (year_type <> 'min' AND year_type <> 'max') then
        raise wrong_type_ex;
    end if;   
    
    if (year_type = 'min') then
        select to_number(to_char(MIN(transaction_date),'YYYY')) into res
        from transaction;
    else
        select to_number(to_char(MAX(transaction_date),'YYYY')) into res
        from transaction;
    end if;
   RETURN res;
EXCEPTION
    when wrong_type_ex then
      raise_application_error (-20010,'Type must be min or max!');
    when others then
      raise_application_error (-20012,'Error.');
END;

/

--------------------------------------------------------
--  DDL for Function GET_CUSTOMER_ID_OF_INVOICE
--------------------------------------------------------

  CREATE OR REPLACE FUNCTION "GET_CUSTOMER_ID_OF_INVOICE" (invoice_id_in IN invoice_header.invoice_id%type)
return invoice_header.customer_id%type
as
res invoice_header.customer_id%type := 0;
begin
select customer_id into res from invoice_header where invoice_id = invoice_id_in;
return res;
end;

/

--------------------------------------------------------
--  DDL for Function GET_ITEM_AMOUNT_IN_STOCK
--------------------------------------------------------

  CREATE OR REPLACE FUNCTION "GET_ITEM_AMOUNT_IN_STOCK" (item_id_in IN stock_balance.item_id%type)
return number
as
res number := 0;
begin
select nvl(sum(STOCK_BALANCE_AMOUNT),0) into res
from STOCK_BALANCE
where item_id = item_id_in;
return res;
end;

/

--------------------------------------------------------
--  DDL for Function GET_NAME_OF_CUST_SUPPL
--------------------------------------------------------

  CREATE OR REPLACE FUNCTION "GET_NAME_OF_CUST_SUPPL" (cs_id in TRANSACTION.customer_id%type) 
RETURN varchar2
AS
   res varchar2(100);
BEGIN
   if (cs_id is null) then
       res := 'Supplier';
   else
       select first_name ||' '||last_name into res
       from customer
       where customer_id = cs_id;
   end if;
   
   RETURN res;
END;

/

--------------------------------------------------------
--  DDL for Function GET_ORDER_ID_OF_INVOICE
--------------------------------------------------------

  CREATE OR REPLACE FUNCTION "GET_ORDER_ID_OF_INVOICE" (invoice_id_in IN invoice_header.invoice_id%type)
return invoice_header.order_id%type
as
res invoice_header.order_id%type := 0;
begin
select order_id into res from invoice_header where invoice_id = invoice_id_in;
return res;
end;

/

--------------------------------------------------------
--  DDL for Function GET_STOREHOUSE_WITH_MIN_ITEMS
--------------------------------------------------------

  CREATE OR REPLACE FUNCTION "GET_STOREHOUSE_WITH_MIN_ITEMS" (item_id_in IN  stock_balance.item_id%type)
RETURN stock_balance.storehouse_id%type
AS
   sh_id  stock_balance.storehouse_id%type;
BEGIN    

      select storehouse_id into sh_id
      from (select * from stock_balance where item_id = item_id_in  order by stock_balance_amount asc ) tmp
      where rownum <= 1;

   RETURN sh_id;
-- User-defined exceptions
EXCEPTION
   when NO_DATA_FOUND then
       raise_application_error (-20087,'item '|| item_id_in || ' does not exist in any storehouse');
   when others then
       raise_application_error (-20012,'Error.');
END;

/

--------------------------------------------------------
--  DDL for Function GET_STORE_HOUSES_WITH_ITEM
--------------------------------------------------------

  CREATE OR REPLACE FUNCTION "GET_STORE_HOUSES_WITH_ITEM" (item_to_find IN stock_balance.item_id%type)
return SYS_REFCURSOR
  as
  storehouses_with_items SYS_REFCURSOR;
  begin
    open storehouses_with_items for 
    select STOREHOUSE_ID as sh_id, stock_balance_amount as amount  from STOCK_BALANCE  where ITEM_ID = item_to_find and stock_balance_amount > 0;
     return storehouses_with_items;
  end;

/

--------------------------------------------------------
--  DDL for Function NUM_OF_DAYS_IN_DATE
--------------------------------------------------------

  CREATE OR REPLACE FUNCTION "NUM_OF_DAYS_IN_DATE" (d IN date) 
RETURN number
AS
   res number(2) := 0;
BEGIN
   if (d is null) then
       raise SELF_IS_NULL;
   else
       select to_number(to_char(last_day(d), 'DD')) last_day into res
       from dual;
   end if;
   RETURN res;
EXCEPTION
   when SELF_IS_NULL then
       raise_application_error (-20013,'Input date is not initialized!');
   when others then
       raise_application_error (-20012,'Error.');
END;

/

--------------------------------------------------------
--  DDL for Function NUM_OF_INVOICES
--------------------------------------------------------

  CREATE OR REPLACE FUNCTION "NUM_OF_INVOICES" 
RETURN number
AS
   res number := 0;
   no_invoices_ex EXCEPTION;
BEGIN    
   -- count how many invoics there are in the DB
   select count(*) into res
   from invoice_header;
       
   if (res = 0) then
       raise no_invoices_ex;
   end if;

   RETURN res;
-- User-defined exceptions
EXCEPTION
   when no_invoices_ex then
       raise_application_error (-20087,'There are no invoices in the system, currently!');
   when others then
       raise_application_error (-20012,'Error.');
END;

/

--------------------------------------------------------
--  DDL for Function NUM_OF_ORDERS
--------------------------------------------------------

  CREATE OR REPLACE FUNCTION "NUM_OF_ORDERS" (st IN  order_header.status%type)
RETURN number
AS
   res number := 0;
   wrong_input_status_ex EXCEPTION;
   no_open_orders_ex EXCEPTION;
   no_closed_orders_ex EXCEPTION;
BEGIN
   if (st <> 'open' AND st <> 'closed') then
      raise wrong_input_status_ex;    
   elsif (st = 'open') then
       -- count how many open orders there are in the DB
       select count(*) into res
       from order_header
       where status = 'open';
   else
       -- count how many closed orders there are in the DB
       select count(*) into res
       from order_header
       where status = 'closed';
   end if;
   
   -- if there are 0 open orders, raise an exception
   if (res = 0 AND st = 'open') then
       raise no_open_orders_ex;
   -- if there are 0 closed orders, raise an exception
   elsif (res = 0 AND st = 'closed') then
       raise no_closed_orders_ex;
   end if;

   RETURN res;
-- User-defined exceptions
EXCEPTION
   when wrong_input_status_ex then
       raise_application_error (-20069,'Input status is wrong! It should be open or closed.');
   when no_open_orders_ex then
       raise_application_error (-20069,'There are no open orders currently!');
   when no_closed_orders_ex then
       raise_application_error (-20069,'There are no closed orders currently!');
   when others then
       raise_application_error (-20012,'Error.');
END;

/

--------------------------------------------------------
--  DDL for Function NUM_OF_STOREHOUSES
--------------------------------------------------------

  CREATE OR REPLACE FUNCTION "NUM_OF_STOREHOUSES" 
RETURN number
AS
   res number := 0;
   no_storehouses_ex EXCEPTION;
BEGIN
    -- count how many storehouses there are in the DB
    select count(*) into res
    from storehouse;
   -- if 0, raise an exception    
   if (res = 0) then
      raise no_storehouses_ex;          
   end if;

   RETURN res;
-- User-defined exception
EXCEPTION
   when no_storehouses_ex then
       raise_application_error (-20099,'There are no storehouses in the DB!');
   when others then
       raise_application_error (-20012,'Error.');
END;

/

--------------------------------------------------------
--  DDL for Procedure ADD_ITEM_TO_OPEN_ORDER
--------------------------------------------------------
set define off;

  CREATE OR REPLACE PROCEDURE "ADD_ITEM_TO_OPEN_ORDER" (order_id_in IN number, item_id_to_add IN number, amount_to_add IN number, total_num_of_items OUT number)
AS
   line_to_add_to order_line.line_number%type;
   check_order_id order_header.order_id%type;
   check_item_id  item.item_id%type;
   item_amount          stock_balance.stock_balance_amount%type;
   
   not_enough_amount EXCEPTION;
   item_not_found_ex EXCEPTION;
   negative_amount_ex EXCEPTION;
   item_already_exists_ex EXCEPTION;
   CURSOR curs1 IS SELECT item_id
                   FROM item;
   CURSOR curs2 IS SELECT item_id
                   FROM order_line
                   WHERE order_id = order_id_in;
                   
BEGIN
   -- checking whether input order_id exists in the DB and is open, if not PL/SQL NO_DATA_FOUND exception is raised
   select order_id into check_order_id
   from order_header
   where order_id = order_id_in AND status = 'open';
    
   -- if the input item_id is not found in the DB, then raise an exception
   open curs1;
   loop
      FETCH curs1 into check_item_id;
      -- if gone thru all the lines and the item_id_in is not found in the DB, raise an exception and close the cursor
      if (curs1%NOTFOUND) then
         raise item_not_found_ex;
         close curs1;
      end if;
      -- if item_id_in is found, break the loop and go on
      if (item_id_to_add = check_item_id) then
         exit;
      end if;
   end loop;
   close curs1;
   
   -- if the input item_id already exists in the input order, raise an exception (need to call update_amount stored procedure)
   open curs2;
   loop
      FETCH curs2 into check_item_id;
      -- if gone thru all the lines and the item_id_in is not found for the input order, exit the loop and go on
      if (curs2%NOTFOUND) then
         exit;
      end if;
      -- if the item already exists for the input order, raise an exception
      if (item_id_to_add = check_item_id) then
         raise item_already_exists_ex;
         close curs2;
      end if;
   end loop;
   close curs2;
   
   -- if the input amount is not greater than 0, then raise an exception
   if (amount_to_add <= 0) then
       raise negative_amount_ex;
   end if;
   
   select line_number into line_to_add_to
   from order_line
   where order_id = order_id_in AND rownum = 1
   order by line_number desc;
   
   item_amount := get_item_amount_in_stock(item_id_to_add);
   if (amount_to_add > item_amount) then
          raise not_enough_amount;
   end if;
   
   -- after checked checked all conditions, add a new item to the input open order
   ADD_NEW_ORDER_LINE (order_id_in , line_to_add_to+1, item_id_to_add, amount_to_add);
   
   --insert into order_line
   --values (order_id_in, line_to_add_to, item_id_to_add, amount_to_add);
   
   -- inserting the total number of items after the change. total_num_of_items is OUT parameter
   select count(*) into total_num_of_items
   from order_line
   where order_id = order_id_in;
   
-- System-defined exception NO_DATA_FOUND + User-defined exception
EXCEPTION
   when NO_DATA_FOUND then
       raise_application_error (-20001, 'Order with ID: ' || order_id_in || ' does not exist or is closed.');
   when item_not_found_ex then
       raise_application_error (-20060, 'Item ID: ' || item_id_to_add || ' was not found for the order ID: ' || order_id_in);
   when item_already_exists_ex then
       raise_application_error (-20060, 'Item ID: ' || item_id_to_add || ' already exists for the order ID: ' || order_id_in || 
       ' call update_amount stored-procedure in order to update the amount');
   when negative_amount_ex then
       raise_application_error (-20056, 'Amount should be greater than 0.');
    when not_enough_amount then
      raise_application_error (-20077, 'Item id ' || item_id_to_add || ' only '||item_amount || ' in stock.' );
   when others then
       raise_application_error (-20002, 'Error.');
end;

/

--------------------------------------------------------
--  DDL for Procedure ADD_NEW_INVOICE_HEADER
--------------------------------------------------------
set define off;

  CREATE OR REPLACE PROCEDURE "ADD_NEW_INVOICE_HEADER" (order_id_in IN number, invoice_id_out OUT number)
AS
   check_order_id        order_line.order_id%type;   
   order_date_to_find     order_header.order_date%type;
   customer_id_to_find     customer.customer_id%type;
   order_id_not_found EXCEPTION;
   CURSOR curs IS SELECT order_id
                  FROM order_header; 
    
BEGIN
   -- checking whether input order_id exists in the DB using a Cursor, if not found order_id_not_found exception is raised.
   open curs;
   loop
      FETCH curs into check_order_id;
      -- if gone thru all the lines and the item_id_in is not found in the DB, raise an exception and close the cursor
      if (curs%NOTFOUND) then
         close curs;
         raise order_id_not_found;     
      end if;
      -- if order_id_in is found, break the loop and go on
      if (order_id_in = check_order_id) then
         exit;
      end if;
   end loop;
   close curs;
   
   -- looking for the appropriate order_date and customer_id
   select order_date, customer_id into order_date_to_find, customer_id_to_find
   from order_header
   where order_id = order_id_in;
   
   -- using SEQ_INVH_INV_ID in order to create a new invoice id
   insert into invoice_header (ORDER_ID, ORDER_DATE, CUSTOMER_ID)
   values (order_id_in, order_date_to_find, customer_id_to_find);
   
   select invoice_id into invoice_id_out
   from invoice_header
   where rownum = 1
   order by invoice_id DESC;
   
EXCEPTION
   when order_id_not_found then
       raise_application_error (-20567, 'Order ID: ' || order_id_in || ' does not exist in the system.');
   when others then
       raise_application_error (-20002, 'Error.');
end;

/

--------------------------------------------------------
--  DDL for Procedure ADD_NEW_INVOICE_LINE
--------------------------------------------------------
set define off;

  CREATE OR REPLACE PROCEDURE "ADD_NEW_INVOICE_LINE" (invoice_id_in IN number, line_num_in IN number, item_id_in IN number, amount_in IN number)
AS
   check_invoice_id        invoice_line.invoice_id%type;
   check_line_num          invoice_line.line_number%type;
   check_amount           invoice_line.amount%type;
   check_item_id           invoice_line.item_id%type;
   item_price              invoice_line.price%type;
   wrong_line_num_ex  EXCEPTION;
   item_not_found_ex  EXCEPTION;
   negative_amount_ex EXCEPTION;
   not_enough_amount  EXCEPTION;
   CURSOR curs1 IS SELECT line_number
                   FROM invoice_line
                   WHERE invoice_id = invoice_id_in;
   CURSOR curs2 IS SELECT item_id
                   FROM item;
BEGIN
 
   -- checking whether input invoice_id exists in the DB, if not PL/SQL NO_DATA_FOUND exception is raised.
   select invoice_id into check_invoice_id
   from invoice_header
   where invoice_id = invoice_id_in;
   
   -- using the cursor in order to check whether there is a duplicate line number or not. if there's a dup - raise an exception
   open curs1;
   loop
      FETCH curs1 into check_line_num;
      EXIT when curs1%NOTFOUND;
      if (line_num_in = check_line_num OR line_num_in <= 0) then
         close curs1;
         raise wrong_line_num_ex;
      end if;
   end loop;
   close curs1;
   
   -- if the input item_id is not found in the DB, then raise an exception
   open curs2;
   loop
      FETCH curs2 into check_item_id;
      -- if gone thru all the lines and the item_id_in is not found in the DB, raise an exception and close the cursor
      if (curs2%NOTFOUND) then
         close curs2;
         raise item_not_found_ex;       
      end if;
      -- if item_id_in is found, break the loop and go on
      if (item_id_in = check_item_id) then
         exit;
      end if;
   end loop;
   close curs2;
   
   -- checking whether there's enough amount of the item in the stock_balance
      -- if there are not emough items in storehouses raise exception
   check_amount := GET_ITEM_AMOUNT_IN_STOCK(item_id_in);
      if (check_amount < amount_in) then
         raise not_enough_amount;       
      end if;

   -- if the input amount is not greater than 0, then raise an exception
   if (amount_in <= 0) then
       raise negative_amount_ex;
   end if;
   
     select price into item_price
    from item
     where item_id = item_id_in;
   
   -- after checked all conditions, insert the data into the invoice line table
   insert into invoice_line
   values (invoice_id_in, line_num_in, item_id_in, amount_in, amount_in *  item_price); 
   

-- System-defined exception NO_DATA_FOUND + User-defined exceptions
EXCEPTION
   when NO_DATA_FOUND then
       raise_application_error (-20053, 'Invoice with ID: ' || invoice_id_in || ' does not exist.');
   when wrong_line_num_ex then
       raise_application_error (-20054, 'Attempted wrong line number.');
   when item_not_found_ex then
       raise_application_error (-20055, 'Item ID: ' || item_id_in || ' is not found in the DB.');
   when negative_amount_ex then
       raise_application_error (-20056, 'Amount should be greater than 0.');
   when not_enough_amount then
       raise_application_error (-20095, 'There are only ' || check_amount  || ' Item ID: ' || item_id_in || ' in stock. ');
   when others then
       raise_application_error (-20002, 'Error.');

END;

/

--------------------------------------------------------
--  DDL for Procedure ADD_NEW_ORDER_HEADER
--------------------------------------------------------
set define off;

  CREATE OR REPLACE PROCEDURE "ADD_NEW_ORDER_HEADER" (cust_id_in IN number, total_num_of_open_orders OUT number)
AS
   check_customer      customer.customer_id%type;
BEGIN
   -- checking whether input customer_id exists in the DB, if not PL/SQL NO_DATA_FOUND exception is raised.
   select customer_id into check_customer
   from customer
   where customer_id = cust_id_in;
   
   -- using Sequence_Order_Header_ID in order to create a new ORDER_ID
   -- date of adding the order is sysdate and it should be 'open'
   insert into order_header (ORDER_DATE, CUSTOMER_ID, STATUS)
   values (sysdate, cust_id_in, 'open');
   
   -- counting how many open orders there are until now in the DB
   select count(*) into total_num_of_open_orders
   from order_header
   where status = 'open';
   
-- System-defined exception NO_DATA_FOUND
EXCEPTION
   when NO_DATA_FOUND then
       raise_application_error (-20001, 'Customer with ID: ' || cust_id_in || ' does not exist.');
   when others then
       raise_application_error (-20002, 'Error.');
end;

/

--------------------------------------------------------
--  DDL for Procedure ADD_NEW_ORDER_LINE
--------------------------------------------------------
set define off;

  CREATE OR REPLACE PROCEDURE "ADD_NEW_ORDER_LINE" (order_id_in IN number, line_num_in IN number, item_id_in IN number, amount_in IN number)
AS
   check_order_id      order_line.order_id%type;
   check_line_num      order_line.line_number%type;
   check_item_id       order_line.item_id%type;
   amount_in_stock     stock_balance.stock_balance_amount%type;
   wrong_line_num_ex EXCEPTION;
   item_not_found_ex EXCEPTION;
   negative_amount_ex EXCEPTION;
   not_enough_items_exeption EXCEPTION;
   CURSOR curs1 IS SELECT line_number
                   FROM order_line
                   WHERE order_id = order_id_in;
   CURSOR curs2 IS SELECT item_id
                   FROM item;                 
BEGIN
   -- checking whether input order_id exists in the DB and is open, if not PL/SQL NO_DATA_FOUND exception is raised.
   select order_id into check_order_id
   from order_header
   where order_id = order_id_in AND status = 'open';
   
   -- using the cursor in order to check whether there is a duplicate line number or not. if there's a dup - raise an exception
   open curs1;
   loop
      FETCH curs1 into check_line_num;
      EXIT when curs1%NOTFOUND;
      if (line_num_in = check_line_num OR line_num_in <= 0) then
         raise wrong_line_num_ex;
      end if;
   end loop;
   close curs1;
   
   -- if the input item_id is not found in the DB, then raise an exception
   open curs2;
   loop
      FETCH curs2 into check_item_id;
      -- if gone thru all the lines and the item_id_in is not found in the DB, raise an exception and close the cursor
      if (curs2%NOTFOUND) then
         raise item_not_found_ex;
         close curs2;
      end if;
      -- if item_id_in is found, break the loop and go on
      if (item_id_in = check_item_id) then
         exit;
      end if;
   end loop;
   close curs2;
   
   -- if the input amount is not greater than 0, then raise an exception
   if (amount_in <= 0) then
       raise negative_amount_ex;
   end if;
   
   amount_in_stock := get_item_amount_in_stock(item_id_in);
   if (amount_in > amount_in_stock) then
        raise not_enough_items_exeption;
   end if;
   
   -- after checked checked all conditions, insert the data into the table
   insert into order_line
   values (order_id_in, line_num_in, item_id_in, amount_in);
   
-- System-defined exception NO_DATA_FOUND + User-defined exceptions
EXCEPTION
   when NO_DATA_FOUND then
       raise_application_error (-20001, 'Order with ID: ' || order_id_in || ' does not exist or is closed.');
   when wrong_line_num_ex then
       raise_application_error (-20054, 'Attempted wrong line number.');
   when item_not_found_ex then
       raise_application_error (-20055, 'Item ID: ' || item_id_in || ' is not found in the DB.');
   when negative_amount_ex then
       raise_application_error (-20056, 'Amount should be greater than 0.');
   when not_enough_items_exeption then
       raise_application_error (-20077, 'Not enough items in stock.');
   when others then
       raise_application_error (-20002, 'Error.');
END;

/

--------------------------------------------------------
--  DDL for Procedure CANCEL_INVOICE
--------------------------------------------------------
set define off;

  CREATE OR REPLACE PROCEDURE "CANCEL_INVOICE" (invoice_id_in IN number)
AS
   check_invoice_id      invoice_header.invoice_id%type;
   order_id_in number;
   customer_id_in number;
   
BEGIN
   -- checking whether input invoice_id exists in the DB , if not PL/SQL NO_DATA_FOUND exception is raised.
   select invoice_id into check_invoice_id
   from invoice_header
   where invoice_id = invoice_id_in;
   
   --gather data to create the inverse invoice
   order_id_in := get_order_id_of_invoice(invoice_id_in);
   customer_id_in := get_customer_id_of_invoice(invoice_id_in);
   
   --create a new inverse invoice for the same order but credit instead of debit
   insert into cancelled_invoice_header
   values(invoice_id_in, order_id_in, sysdate, customer_id_in);
  
  insert into cancelled_invoice_line 
  select invoice_id, line_number, item_id, amount, price
  from invoice_line where invoice_id = invoice_id_in;
  
  -- delete the invoice from header and lines
  delete from invoice_line
  where invoice_id = invoice_id_in;
  
  delete from invoice_header
  where invoice_id = invoice_id_in;

-- System-defined exception NO_DATA_FOUND
EXCEPTION
   when NO_DATA_FOUND then
       raise_application_error (-20001, 'Invoice with ID: ' || invoice_id_in || ' does not exist.');
   when others then
       raise_application_error (-20002, 'Error.');

END;

/

--------------------------------------------------------
--  DDL for Procedure CANCEL_ORDER
--------------------------------------------------------
set define off;

  CREATE OR REPLACE PROCEDURE "CANCEL_ORDER" (order_id_in IN number)
AS
   check_order_id      order_header.order_id%type;
   -- this cursor is for deleting all the items with the input order id in order_line table
   CURSOR curs1 IS SELECT order_id  FROM order_line FOR UPDATE;
   -- this cursor is for deleting the order from the order_header table
   CURSOR curs2 IS SELECT order_id   FROM order_header FOR UPDATE;
BEGIN
   -- checking whether input order_id exists in the DB and is open, if not PL/SQL NO_DATA_FOUND exception is raised.
   select order_id into check_order_id
   from order_header
   where order_id = order_id_in AND status = 'open';
   
   -- using the cursor we are deleting all the rows with input order_id from the order_line table
   open curs1;
   loop
      FETCH curs1 into check_order_id;
      EXIT when curs1%NOTFOUND;
      if (check_order_id = order_id_in) then
         delete from order_line
         where CURRENT OF curs1;
      end if;
   end loop;
   close curs1;
   
   -- using the cursor we are deleting the row whose order_id equals order_id_in (input)
   open curs2;
   loop
      FETCH curs2 into check_order_id;
      EXIT when curs2%NOTFOUND;
      if (check_order_id = order_id_in) then
         delete from order_header
         where CURRENT OF curs2;
      end if;
   end loop;
   close curs2;
   
-- System-defined exception NO_DATA_FOUND + User-defined exceptions
EXCEPTION
   when NO_DATA_FOUND then
       raise_application_error (-20001, 'Order with ID: ' || order_id_in || ' does not exist or is closed.');
   when others then
       raise_application_error (-20002, 'Error.');
END;

/

--------------------------------------------------------
--  DDL for Procedure CLOSE_ORDER
--------------------------------------------------------
set define off;

  CREATE OR REPLACE PROCEDURE "CLOSE_ORDER" (order_id_in IN number)
AS
   check_order_id      order_header.order_id%type;
BEGIN
   -- checking whether input order_id exists in the DB and is open, if not PL/SQL NO_DATA_FOUND exception is raised.
   select order_id into check_order_id
   from order_header
   where order_id = order_id_in AND status = 'open';
   
   -- after checked that the input order exists and is open, updating the status to 'closed'
    UPDATE order_header
		SET status = 'closed'
    WHERE order_id = order_id_in;
   
-- System-defined exception NO_DATA_FOUND
EXCEPTION
   when NO_DATA_FOUND then
       raise_application_error (-20001, 'Order with ID: ' || order_id_in || ' does not exist or is already closed.');
   when others then
       raise_application_error (-20002, 'Error.');
end;

/

--------------------------------------------------------
--  DDL for Procedure CREATE_NEW_CUSTOMER
--------------------------------------------------------
set define off;

  CREATE OR REPLACE PROCEDURE "CREATE_NEW_CUSTOMER" (customer_id_in IN customer.CUSTOMER_ID%type,
                       first_name_in IN customer.FIRST_NAME%type,
                       last_name_in IN customer.LAST_NAME%type)
AS  
   wrong_first_name_ex EXCEPTION;
   wrong_last_name_ex EXCEPTION;
   wrong_customer_id_exp EXCEPTION;        
BEGIN

   if (customer_id_in < 1) then
       raise wrong_customer_id_exp;
   end if;

   if (length(first_name_in) < 2) then
       raise wrong_first_name_ex;
   end if;
   
   if (length(last_name_in) < 2) then
       raise wrong_last_name_ex;
   end if;
   
   insert into customer
   values (customer_id_in, first_name_in, last_name_in);
   
-- System-defined exception NO_DATA_FOUND + User-defined exception
EXCEPTION
   when wrong_customer_id_exp then
      raise_application_error (-20112, 'Customer ID should be more than 0.');
   when wrong_first_name_ex then
      raise_application_error (-20112, 'First name should contain more than 1 letter.');
   when wrong_last_name_ex then
      raise_application_error (-20111, 'Last name should contain more than 1 letter' );
   when others then
      raise_application_error (-20002, 'Error.');
end;

/

--------------------------------------------------------
--  DDL for Procedure CREATE_NEW_ITEM
--------------------------------------------------------
set define off;

  CREATE OR REPLACE PROCEDURE "CREATE_NEW_ITEM" (description_in IN item.DESCRIPTION%type, price_in IN item.PRICE%type)
AS  
   wrong_price_ex EXCEPTION;
BEGIN

   if (price_in < 1) then
       raise wrong_price_ex;
   end if;
   
   insert into item (DESCRIPTION, PRICE)
   values (description_in, price_in);
  
-- System-defined exception NO_DATA_FOUND + User-defined exception
EXCEPTION
   when wrong_price_ex then
      raise_application_error (-20113, 'Price should be greater than 0.');
   when others then
      raise_application_error (-20002, 'Error.');
end;

/

--------------------------------------------------------
--  DDL for Procedure CREATE_NEW_STOREHOUSE
--------------------------------------------------------
set define off;

  CREATE OR REPLACE PROCEDURE "CREATE_NEW_STOREHOUSE" (storehouse_name_in IN storehouse.STOREHOUSE_NAME%type)
AS  
BEGIN
   
   insert into storehouse (STOREHOUSE_NAME)
   values (storehouse_name_in);
  
END;

/

--------------------------------------------------------
--  DDL for Procedure DELETE_ITEM_FROM_OPEN_ORDER
--------------------------------------------------------
set define off;

  CREATE OR REPLACE PROCEDURE "DELETE_ITEM_FROM_OPEN_ORDER" (order_id_in IN number, item_id_to_delete IN number)
AS
   check_order_id      order_line.order_id%type;
   check_item_id      varchar2(1);
   item_not_found_ex EXCEPTION;

BEGIN
   -- checking whether input order_id exists in the DB and is open, if not PL/SQL NO_DATA_FOUND exception is raised
   select order_id into check_order_id
   from order_header
   where order_id = order_id_in AND status = 'open';
   
    --  checking wether the item is in this order or not
      select decode(count(*), 0, 'N', 'Y') into  check_item_id
      from (select item_id from order_line where order_id = order_id_in and item_id = item_id_to_delete); 
   
   if (check_item_id = 'N') then
   raise item_not_found_ex;
   end if;
   
   -- after checked checked all conditions, delete the item
   delete from order_line 
   where item_id=item_id_to_delete and order_id = order_id_in;
   
   -- in case the order have no liness
   --delete from order_header where order_id IN (select order_id  from order_line group by order_id  having count(*) = 0); 
   

-- System-defined exception NO_DATA_FOUND + User-defined exception
EXCEPTION
   when NO_DATA_FOUND then
       raise_application_error (-20001, 'Order with ID: ' || order_id_in || ' does not exist or is closed.');
   when item_not_found_ex then
       raise_application_error (-20060, 'Item ID: ' || item_id_to_delete || ' was not found for the order ID: ' || order_id_in);
   when others then   
      raise_application_error (-20002, 'Error.');


end;

/

--------------------------------------------------------
--  DDL for Procedure ORDER_ITEM_TO_STOCK
--------------------------------------------------------
set define off;

  CREATE OR REPLACE PROCEDURE "ORDER_ITEM_TO_STOCK" (item_to_add IN number, amount IN number, sh_to_add_to IN number) 
AS 
  check_item_in_sh   NUMBER;
  negative_amount_ex exception;
BEGIN

    -- check if amount is positive
    if(amount <= 0) then
    raise negative_amount_ex;
    end if;
     
  select count(*) into check_item_in_sh
  from stock_balance
  where item_id = item_to_add and storehouse_id = sh_to_add_to;
  
  --item not in storehouse we need to add it
  if(check_item_in_sh = 0 ) then
  
    insert into stock_balance
    values(item_to_add, sh_to_add_to, 0);
  end if;
    --create a transaction
    insert into TRANSACTION
    values (SEQ_TRANSACTION_ID.nextval, sysdate,item_to_add,sh_to_add_to, amount, 'credit', null);
    

  EXCEPTION
   when NO_DATA_FOUND then
       raise_application_error (-20001, 'Storehouse with ID: ' || sh_to_add_to || ' does not exist .');
  when negative_amount_ex then
       raise_application_error (-20060, 'Amount must be positive.');
   when others then
       raise_application_error (-20002, 'Error.'); 

END;

/

--------------------------------------------------------
--  DDL for Procedure UPDATE_ITEM_AMOUNT_OPEN_ORDER
--------------------------------------------------------
set define off;

  CREATE OR REPLACE PROCEDURE "UPDATE_ITEM_AMOUNT_OPEN_ORDER" (order_id_in IN number, item_id_in IN number, amount_to_change IN number)
AS
   check_order_id      order_line.order_id%type;
   check_item_id      order_line.item_id%type;
   item_amount          stock_balance.stock_balance_amount%type;
   
   not_enough_amount EXCEPTION;   
   item_not_found_ex EXCEPTION;
   negative_amount_ex EXCEPTION;
   CURSOR curs IS SELECT item_id
                   FROM order_line
                   WHERE order_id = order_id_in;
BEGIN
   -- checking whether input order_id exists in the DB, if not PL/SQL NO_DATA_FOUND exception is raised.
   select order_id into check_order_id
   from order_header
   where order_id = order_id_in AND status = 'open';
   
   -- if the input item_id is not found in the DB, then raise an exception
   open curs;
   loop
      FETCH curs into check_item_id;
      -- if gone thru all the lines in the order_line table and didn not find the relevant item, raise an exception
      if (curs%NOTFOUND) then
         close curs;
         raise item_not_found_ex;
      end if;
      -- if item_id_in is found, break the loop and go on
      if (item_id_in = check_item_id) then
         exit;
      end if;
   end loop;
   close curs;
   
   -- if the input amount is not greater than 0, then raise an exception
   if (amount_to_change <= 0) then
       raise negative_amount_ex;
   end if;
   
    item_amount := get_item_amount_in_stock(item_id_in);
   if (amount_to_change > item_amount) then
          raise not_enough_amount;
   end if;
   
   -- after checked checked all conditions, update amount for the input order_id and item_id in order_line table
    UPDATE order_line
		SET amount = amount_to_change
    WHERE order_id = order_id_in AND item_id = item_id_in;
   
-- System-defined exception NO_DATA_FOUND + User-defined exception
EXCEPTION
   when NO_DATA_FOUND then
       raise_application_error (-20001, 'Order with ID: ' || order_id_in || ' does not exist or is closed.');
   when item_not_found_ex then
       raise_application_error (-20060, 'Item ID: ' || item_id_in || ' was not found for open order ID:' || order_id_in);
   when negative_amount_ex then
       raise_application_error (-20056, 'Amount should be greater than 0.');
   when not_enough_amount then
      raise_application_error (-20077, 'Item id ' || item_id_in || ' only '||item_amount || ' in stock.' );
   when others then
      raise_application_error (-20002, 'Error.');
end;

/

